,Survived,Pclass,Sex,Age,SibSp,Parch,Fare,FamilySize,isAlone,isLargeFamily,AgeClass,Mother,FareGroup,Embarked_Q,Embarked_S,Title_Miss,Title_Mr,Title_Mrs,Title_Rare,AgeGroup_Child,AgeGroup_Middle Aged,AgeGroup_Senior,AgeGroup_Young Adult
0,0,3,1,22.0,1,0,7.25,2,0,0,66.0,0,-0.5024451714361923,0,1,0,1,0,0,0,0,0,1
1,1,1,0,38.0,1,0,71.2833,2,0,0,38.0,0,0.7868452935884461,0,0,0,0,1,0,0,0,0,0
2,1,3,0,26.0,0,0,7.925,1,1,0,78.0,0,-0.4888542575852486,0,1,1,0,0,0,0,0,0,1
3,1,1,0,35.0,1,0,53.1,2,0,0,35.0,0,0.4207302360686478,0,1,0,0,1,0,0,0,0,0
4,0,3,1,35.0,0,0,8.05,1,1,0,105.0,0,-0.4863374216869257,0,1,0,1,0,0,0,0,0,0
5,0,3,1,28.0,0,0,8.4583,1,1,0,84.0,0,-0.47811642890864375,1,0,0,1,0,0,0,0,0,1
6,0,1,1,54.0,0,0,51.8625,1,1,0,54.0,0,0.395813560675251,0,1,0,1,0,0,0,1,0,0
7,0,3,1,2.0,3,1,21.075,5,0,1,6.0,0,-0.22408312108167944,0,1,0,0,0,0,1,0,0,0
8,1,3,0,27.0,0,2,11.1333,3,0,0,81.0,0,-0.4242561406845337,0,1,0,0,1,0,0,0,0,1
9,1,2,0,14.0,1,0,30.0708,2,0,0,28.0,0,-0.04295550208861426,0,0,0,0,1,0,1,0,0,0
10,1,3,0,4.0,1,1,16.7,3,0,0,12.0,0,-0.312172377522981,0,1,1,0,0,0,1,0,0,0
11,1,1,0,58.0,0,0,26.55,1,1,0,58.0,0,-0.11384570873513637,0,1,1,0,0,0,0,1,0,0
12,0,3,1,20.0,0,0,8.05,1,1,0,60.0,0,-0.4863374216869257,0,1,0,1,0,0,0,0,0,1
13,0,3,1,39.0,1,5,31.275,7,0,1,117.0,1,-0.01870931177853076,0,1,0,1,0,0,0,0,0,0
14,0,3,0,14.0,0,0,7.8542,1,1,0,42.0,0,-0.4902797934380587,0,1,1,0,0,0,1,0,0,0
15,1,2,0,55.0,0,0,16.0,1,1,0,110.0,0,-0.3262666585535892,0,1,0,0,1,0,0,1,0,0
16,0,3,1,2.0,4,1,29.125,6,0,1,6.0,0,-0.06199888922968463,1,0,0,0,0,0,1,0,0,0
17,1,2,1,28.0,0,0,13.0,1,1,0,56.0,0,-0.3866707201133388,0,1,0,1,0,0,0,0,0,1
18,0,3,0,31.0,1,0,18.0,2,0,0,93.0,0,-0.2859972841804228,0,1,0,0,1,0,0,0,0,1
19,1,3,0,28.0,0,0,7.225,1,1,0,84.0,0,-0.5029485386158568,0,0,0,0,1,0,0,0,0,1
20,0,2,1,35.0,0,0,26.0,1,1,0,70.0,0,-0.12491978668775715,0,1,0,1,0,0,0,0,0,0
21,1,2,1,34.0,0,0,13.0,1,1,0,68.0,0,-0.3866707201133388,0,1,0,1,0,0,0,0,0,0
22,1,3,0,15.0,0,0,8.0292,1,1,0,45.0,0,-0.4867562231804066,1,0,1,0,0,0,1,0,0,0
23,1,1,1,28.0,0,0,35.5,1,1,0,28.0,0,0.06635974158478332,0,1,0,1,0,0,0,0,0,1
24,0,3,0,8.0,3,1,21.075,5,0,1,24.0,0,-0.22408312108167944,0,1,1,0,0,0,1,0,0,0
25,1,3,0,38.0,1,5,31.3875,7,0,1,114.0,0,-0.016444159470040135,0,1,0,0,1,0,0,0,0,0
26,0,3,1,28.0,0,0,7.225,1,1,0,84.0,0,-0.5029485386158568,0,0,0,1,0,0,0,0,0,1
27,0,1,1,19.0,3,2,263.0,6,0,1,19.0,1,4.647001076532463,0,1,0,1,0,0,0,0,0,1
28,1,3,0,28.0,0,0,7.8792,1,1,0,84.0,0,-0.48977642625839407,1,0,1,0,0,0,0,0,0,1
29,0,3,1,28.0,0,0,7.8958,1,1,0,84.0,0,-0.4894421904510968,0,1,0,1,0,0,0,0,0,1
30,0,1,1,40.0,0,0,27.7208,1,1,0,40.0,0,-0.09027201697708476,0,0,0,0,0,1,0,0,0,0
31,1,1,0,28.0,1,0,146.5208,2,0,0,28.0,0,2.301728820789,0,0,0,0,1,0,0,0,0,1
32,1,3,0,28.0,0,0,7.75,1,1,0,84.0,0,-0.49237782784290063,1,0,1,0,0,0,0,0,0,1
33,0,2,1,66.0,0,0,10.5,1,1,0,132.0,0,-0.43700743807979686,0,1,0,1,0,0,0,0,1,0
34,0,1,1,28.0,1,0,82.1708,2,0,0,28.0,0,1.0060617003323709,0,0,0,1,0,0,0,0,0,1
35,0,1,1,42.0,1,0,52.0,2,0,0,42.0,0,0.39858208016340624,0,1,0,1,0,0,0,0,0,0
36,1,3,1,28.0,0,0,7.2292,1,1,0,84.0,0,-0.5028639729296732,0,0,0,1,0,0,0,0,0,1
37,0,3,1,21.0,0,0,8.05,1,1,0,63.0,0,-0.4863374216869257,0,1,0,1,0,0,0,0,0,1
38,0,3,0,18.0,2,0,18.0,3,0,0,54.0,0,-0.2859972841804228,0,1,1,0,0,0,0,0,0,1
39,1,3,0,14.0,1,0,11.2417,2,0,0,42.0,0,-0.42207354059350805,0,0,1,0,0,0,1,0,0,0
40,0,3,0,40.0,1,0,9.475,2,0,0,120.0,0,-0.4576454924460446,0,1,0,0,1,0,0,0,0,0
41,0,2,0,27.0,1,0,21.0,2,0,0,54.0,0,-0.22559322262067316,0,1,0,0,1,0,0,0,0,1
42,0,3,1,28.0,0,0,7.8958,1,1,0,84.0,0,-0.4894421904510968,0,0,0,1,0,0,0,0,0,1
43,1,2,0,3.0,1,2,41.5792,4,0,0,6.0,0,0.18876253192945994,0,0,1,0,0,0,1,0,0,0
44,1,3,0,19.0,0,0,7.8792,1,1,0,57.0,0,-0.48977642625839407,1,0,1,0,0,0,0,0,0,1
45,0,3,1,28.0,0,0,8.05,1,1,0,84.0,0,-0.4863374216869257,0,1,0,1,0,0,0,0,0,1
46,0,3,1,28.0,1,0,15.5,2,0,0,84.0,0,-0.3363340021468808,1,0,0,1,0,0,0,0,0,1
47,1,3,0,28.0,0,0,7.75,1,1,0,84.0,0,-0.49237782784290063,1,0,1,0,0,0,0,0,0,1
48,0,3,1,28.0,2,0,21.6792,3,0,0,84.0,0,-0.21191774308354583,0,0,0,1,0,0,0,0,0,1
49,0,3,0,18.0,1,0,17.8,2,0,0,54.0,0,-0.29002422161773944,0,1,0,0,1,0,0,0,0,1
50,0,3,1,7.0,4,1,39.6875,6,0,1,21.0,0,0.1506737441786005,0,1,0,0,0,0,1,0,0,0
51,0,3,1,21.0,0,0,7.8,1,1,0,63.0,0,-0.4913710934835715,0,1,0,1,0,0,0,0,0,1
52,1,1,0,49.0,1,0,76.7292,2,0,0,49.0,0,0.8964967865378598,0,0,0,0,1,0,0,1,0,0
53,1,2,0,29.0,1,0,26.0,2,0,0,58.0,0,-0.12491978668775715,0,1,0,0,1,0,0,0,0,1
54,0,1,1,65.0,0,1,61.9792,2,0,0,65.0,1,0.5995101505357573,0,0,0,1,0,0,0,0,1,0
55,1,1,1,28.0,0,0,35.5,1,1,0,28.0,0,0.06635974158478332,0,1,0,1,0,0,0,0,0,1
56,1,2,0,21.0,0,0,10.5,1,1,0,42.0,0,-0.43700743807979686,0,1,1,0,0,0,0,0,0,1
57,0,3,1,28.5,0,0,7.2292,1,1,0,85.5,0,-0.5028639729296732,0,0,0,1,0,0,0,0,0,1
58,1,2,0,5.0,1,2,27.75,4,0,0,10.0,0,-0.08968408411123653,0,1,1,0,0,0,1,0,0,0
59,0,3,1,11.0,5,2,46.9,8,0,1,33.0,0,0.2958951755118318,0,1,0,0,0,0,1,0,0,0
60,0,3,1,22.0,0,0,7.2292,1,1,0,66.0,0,-0.5028639729296732,0,0,0,1,0,0,0,0,0,1
61,1,1,0,38.0,0,0,80.0,1,1,0,38.0,0,0.962353321387736,0,1,1,0,0,0,0,0,0,0
62,0,1,1,45.0,1,0,83.475,2,0,0,45.0,0,1.0323213593611125,0,1,0,1,0,0,0,0,0,0
63,0,3,1,4.0,3,2,27.9,6,0,1,12.0,0,-0.08666388103324908,0,1,0,0,0,0,1,0,0,0
64,0,1,1,28.0,0,0,27.7208,1,1,0,28.0,0,-0.09027201697708476,0,0,0,1,0,0,0,0,0,1
65,1,3,1,28.0,1,1,15.2458,3,0,0,84.0,1,-0.3414522396297103,0,0,0,0,0,0,0,0,0,1
66,1,2,0,29.0,0,0,10.5,1,1,0,58.0,0,-0.43700743807979686,0,1,0,0,1,0,0,0,0,1
67,0,3,1,19.0,0,0,8.1583,1,1,0,57.0,0,-0.4841568350646187,0,1,0,1,0,0,0,0,0,1
68,1,3,0,17.0,4,2,7.925,7,0,1,51.0,0,-0.4888542575852486,0,1,1,0,0,0,0,0,0,1
69,0,3,1,26.0,2,0,8.6625,3,0,0,78.0,0,-0.47400492578514347,0,1,0,1,0,0,0,0,0,1
70,0,2,1,32.0,0,0,10.5,1,1,0,64.0,0,-0.43700743807979686,0,1,0,1,0,0,0,0,0,1
71,0,3,0,16.0,5,2,46.9,8,0,1,48.0,0,0.2958951755118318,0,1,1,0,0,0,1,0,0,0
72,0,2,1,21.0,0,0,73.5,1,1,0,42.0,0,0.8314778546749452,0,1,0,1,0,0,0,0,0,1
73,0,3,1,26.0,1,0,14.4542,2,0,0,78.0,0,-0.3573908580066095,0,0,0,1,0,0,0,0,0,1
74,1,3,1,32.0,0,0,56.4958,1,1,0,96.0,0,0.48910360681684706,0,1,0,1,0,0,0,0,0,1
75,0,3,1,25.0,0,0,7.65,1,1,0,75.0,0,-0.494391296561559,0,1,0,1,0,0,0,0,0,1
76,0,3,1,28.0,0,0,7.8958,1,1,0,84.0,0,-0.4894421904510968,0,1,0,1,0,0,0,0,0,1
77,0,3,1,28.0,0,0,8.05,1,1,0,84.0,0,-0.4863374216869257,0,1,0,1,0,0,0,0,0,1
78,1,2,1,0.83,0,2,29.0,3,0,0,1.66,0,-0.06451572512800753,0,1,0,0,0,0,1,0,0,0
79,1,3,0,30.0,0,0,12.475,1,1,0,90.0,0,-0.397241430886295,0,1,1,0,0,0,0,0,0,1
80,0,3,1,22.0,0,0,9.0,1,1,0,66.0,0,-0.46720946885967163,0,1,0,1,0,0,0,0,0,1
81,1,3,1,29.0,0,0,9.5,1,1,0,87.0,0,-0.45714212526638004,0,1,0,1,0,0,0,0,0,1
82,1,3,0,28.0,0,0,7.7875,1,1,0,84.0,0,-0.49162277707340374,1,0,1,0,0,0,0,0,0,1
83,0,1,1,28.0,0,0,47.1,1,1,0,28.0,0,0.29992211294914856,0,1,0,1,0,0,0,0,0,1
84,1,2,0,17.0,0,0,10.5,1,1,0,34.0,0,-0.43700743807979686,0,1,1,0,0,0,0,0,0,1
85,1,3,0,33.0,3,0,15.85,4,0,0,99.0,0,-0.32928686163157667,0,1,0,0,1,0,0,0,0,0
86,0,3,1,16.0,1,3,34.375,5,0,1,48.0,0,0.04370821849987721,0,1,0,1,0,0,1,0,0,0
87,0,3,1,28.0,0,0,8.05,1,1,0,84.0,0,-0.4863374216869257,0,1,0,1,0,0,0,0,0,1
88,1,1,0,23.0,3,2,263.0,6,0,1,23.0,0,4.647001076532463,0,1,1,0,0,0,0,0,0,1
89,0,3,1,24.0,0,0,8.05,1,1,0,72.0,0,-0.4863374216869257,0,1,0,1,0,0,0,0,0,1
90,0,3,1,29.0,0,0,8.05,1,1,0,87.0,0,-0.4863374216869257,0,1,0,1,0,0,0,0,0,1
91,0,3,1,20.0,0,0,7.8542,1,1,0,60.0,0,-0.4902797934380587,0,1,0,1,0,0,0,0,0,1
92,0,1,1,46.0,1,0,61.175,2,0,0,46.0,0,0.5833178351003071,0,1,0,1,0,0,0,0,0,0
93,0,3,1,26.0,1,2,20.575,4,0,0,78.0,1,-0.23415046467497105,0,1,0,1,0,0,0,0,0,1
94,0,3,1,59.0,0,0,7.25,1,1,0,177.0,0,-0.5024451714361923,0,1,0,1,0,0,0,1,0,0
95,0,3,1,28.0,0,0,8.05,1,1,0,84.0,0,-0.4863374216869257,0,1,0,1,0,0,0,0,0,1
96,0,1,1,71.0,0,0,34.6542,1,1,0,71.0,0,0.0493298231623713,0,0,0,1,0,0,0,0,1,0
97,1,1,1,23.0,0,1,63.3583,2,0,0,23.0,1,0.6272778976347743,0,0,0,1,0,0,0,0,0,1
98,1,2,0,34.0,0,1,23.0,2,0,0,68.0,0,-0.18532384824750675,0,1,0,0,1,0,0,0,0,0
99,0,2,1,34.0,1,0,26.0,2,0,0,68.0,0,-0.12491978668775715,0,1,0,1,0,0,0,0,0,0
100,0,3,0,28.0,0,0,7.8958,1,1,0,84.0,0,-0.4894421904510968,0,1,1,0,0,0,0,0,0,1
101,0,3,1,28.0,0,0,7.8958,1,1,0,84.0,0,-0.4894421904510968,0,1,0,1,0,0,0,0,0,1
102,0,1,1,21.0,0,1,77.2875,2,0,0,21.0,1,0.907737982394129,0,1,0,1,0,0,0,0,0,1
103,0,3,1,33.0,0,0,8.6542,1,1,0,99.0,0,-0.4741720436887921,0,1,0,1,0,0,0,0,0,0
104,0,3,1,37.0,2,0,7.925,3,0,0,111.0,0,-0.4888542575852486,0,1,0,1,0,0,0,0,0,0
105,0,3,1,28.0,0,0,7.8958,1,1,0,84.0,0,-0.4894421904510968,0,1,0,1,0,0,0,0,0,1
106,1,3,0,21.0,0,0,7.65,1,1,0,63.0,0,-0.494391296561559,0,1,1,0,0,0,0,0,0,1
107,1,3,1,28.0,0,0,7.775,1,1,0,84.0,0,-0.4918744606632361,0,1,0,1,0,0,0,0,0,1
108,0,3,1,38.0,0,0,7.8958,1,1,0,114.0,0,-0.4894421904510968,0,1,0,1,0,0,0,0,0,0
109,1,3,0,28.0,1,0,24.15,2,0,0,84.0,0,-0.1621689579829361,1,0,1,0,0,0,0,0,0,1
110,0,1,1,47.0,0,0,52.0,1,1,0,47.0,0,0.39858208016340624,0,1,0,1,0,0,0,0,0,0
111,0,3,0,14.5,1,0,14.4542,2,0,0,43.5,0,-0.3573908580066095,0,0,1,0,0,0,1,0,0,0
112,0,3,1,22.0,0,0,8.05,1,1,0,66.0,0,-0.4863374216869257,0,1,0,1,0,0,0,0,0,1
113,0,3,0,20.0,1,0,9.825,2,0,0,60.0,0,-0.4505983519307405,0,1,1,0,0,0,0,0,0,1
114,0,3,0,17.0,0,0,14.4583,1,1,0,51.0,0,-0.3573083057891445,0,0,1,0,0,0,0,0,0,1
115,0,3,1,21.0,0,0,7.925,1,1,0,63.0,0,-0.4888542575852486,0,1,0,1,0,0,0,0,0,1
116,0,3,1,70.5,0,0,7.75,1,1,0,211.5,0,-0.49237782784290063,1,0,0,1,0,0,0,0,1,0
117,0,2,1,29.0,1,0,21.0,2,0,0,58.0,0,-0.22559322262067316,0,1,0,1,0,0,0,0,0,1
118,0,1,1,24.0,0,1,247.5208,2,0,0,24.0,1,4.335332226633905,0,0,0,1,0,0,0,0,0,1
119,0,3,0,2.0,4,2,31.275,7,0,1,6.0,0,-0.01870931177853076,0,1,1,0,0,0,1,0,0,0
120,0,2,1,21.0,2,0,73.5,3,0,0,42.0,0,0.8314778546749452,0,1,0,1,0,0,0,0,0,1
121,0,3,1,28.0,0,0,8.05,1,1,0,84.0,0,-0.4863374216869257,0,1,0,1,0,0,0,0,0,1
122,0,2,1,32.5,1,0,30.0708,2,0,0,65.0,0,-0.04295550208861426,0,0,0,1,0,0,0,0,0,0
123,1,2,0,32.5,0,0,13.0,1,1,0,65.0,0,-0.3866707201133388,0,1,1,0,0,0,0,0,0,0
124,0,1,1,54.0,0,1,77.2875,2,0,0,54.0,1,0.907737982394129,0,1,0,1,0,0,0,1,0,0
125,1,3,1,12.0,1,0,11.2417,2,0,0,36.0,0,-0.42207354059350805,0,0,0,0,0,0,1,0,0,0
126,0,3,1,28.0,0,0,7.75,1,1,0,84.0,0,-0.49237782784290063,1,0,0,1,0,0,0,0,0,1
127,1,3,1,24.0,0,0,7.1417,1,1,0,72.0,0,-0.5046257580584992,0,1,0,1,0,0,0,0,0,1
128,1,3,0,28.0,1,1,22.3583,3,0,0,84.0,0,-0.19824427701513722,0,0,1,0,0,0,0,0,0,1
129,0,3,1,45.0,0,0,6.975,1,1,0,135.0,0,-0.5079822104125026,0,1,0,1,0,0,0,0,0,0
130,0,3,1,33.0,0,0,7.8958,1,1,0,99.0,0,-0.4894421904510968,0,0,0,1,0,0,0,0,0,0
131,0,3,1,20.0,0,0,7.05,1,1,0,60.0,0,-0.5064721088735089,0,1,0,1,0,0,0,0,0,1
132,0,3,0,47.0,1,0,14.5,2,0,0,141.0,0,-0.35646868933346404,0,1,0,0,1,0,0,0,0,0
133,1,2,0,29.0,1,0,26.0,2,0,0,58.0,0,-0.12491978668775715,0,1,0,0,1,0,0,0,0,1
134,0,2,1,25.0,0,0,13.0,1,1,0,50.0,0,-0.3866707201133388,0,1,0,1,0,0,0,0,0,1
135,0,2,1,23.0,0,0,15.0458,1,1,0,46.0,0,-0.3454791770670269,0,0,0,1,0,0,0,0,0,1
136,1,1,0,19.0,0,2,26.2833,3,0,0,19.0,0,-0.11921562980779811,0,1,1,0,0,0,0,0,0,1
137,0,1,1,37.0,1,0,53.1,2,0,0,37.0,0,0.4207302360686478,0,1,0,1,0,0,0,0,0,0
138,0,3,1,16.0,0,0,9.2167,1,1,0,48.0,0,-0.4628462821463391,0,1,0,1,0,0,1,0,0,0
139,0,1,1,24.0,0,0,79.2,1,1,0,24.0,0,0.9462455716384695,0,0,0,1,0,0,0,0,0,1
140,0,3,0,28.0,0,2,15.2458,3,0,0,84.0,0,-0.3414522396297103,0,0,0,0,1,0,0,0,0,1
141,1,3,0,22.0,0,0,7.75,1,1,0,66.0,0,-0.49237782784290063,0,1,1,0,0,0,0,0,0,1
142,1,3,0,24.0,1,0,15.85,2,0,0,72.0,0,-0.32928686163157667,0,1,0,0,1,0,0,0,0,1
143,0,3,1,19.0,0,0,6.75,1,1,0,57.0,0,-0.5125125150294839,1,0,0,1,0,0,0,0,0,1
144,0,2,1,18.0,0,0,11.5,1,1,0,36.0,0,-0.41687275089321363,0,1,0,1,0,0,0,0,0,1
145,0,2,1,19.0,1,1,36.75,3,0,0,38.0,1,0.09152810056801232,0,1,0,1,0,0,0,0,0,1
146,1,3,1,27.0,0,0,7.7958,1,1,0,81.0,0,-0.49145565916975514,0,1,0,1,0,0,0,0,0,1
147,0,3,0,9.0,2,2,34.375,5,0,1,27.0,0,0.04370821849987721,0,1,1,0,0,0,1,0,0,0
148,0,2,1,36.5,0,2,26.0,3,0,0,73.0,1,-0.12491978668775715,0,1,0,1,0,0,0,0,0,0
149,0,2,1,42.0,0,0,13.0,1,1,0,84.0,0,-0.3866707201133388,0,1,0,0,0,1,0,0,0,0
150,0,2,1,51.0,0,0,12.525,1,1,0,102.0,0,-0.39623469652696586,0,1,0,0,0,1,0,1,0,0
151,1,1,0,22.0,1,0,66.6,2,0,0,22.0,0,0.6925485130875209,0,1,0,0,1,0,0,0,0,1
152,0,3,1,55.5,0,0,8.05,1,1,0,166.5,0,-0.4863374216869257,0,1,0,1,0,0,0,1,0,0
153,0,3,1,40.5,0,2,14.5,3,0,0,121.5,1,-0.35646868933346404,0,1,0,1,0,0,0,0,0,0
154,0,3,1,28.0,0,0,7.3125,1,1,0,84.0,0,-0.5011867534870308,0,1,0,1,0,0,0,0,0,1
155,0,1,1,51.0,0,1,61.3792,2,0,0,51.0,1,0.5874293382238074,0,0,0,1,0,0,0,1,0,0
156,1,3,0,16.0,0,0,7.7333,1,1,0,48.0,0,-0.49271407711891657,1,0,1,0,0,0,1,0,0,0
157,0,3,1,30.0,0,0,8.05,1,1,0,90.0,0,-0.4863374216869257,0,1,0,1,0,0,0,0,0,1
158,0,3,1,28.0,0,0,8.6625,1,1,0,84.0,0,-0.47400492578514347,0,1,0,1,0,0,0,0,0,1
159,0,3,1,28.0,8,2,69.55,11,0,1,84.0,1,0.7519458402879414,0,1,0,0,0,0,0,0,0,1
160,0,3,1,44.0,0,1,16.1,2,0,0,132.0,1,-0.32425318983493084,0,1,0,1,0,0,0,0,0,0
161,1,2,0,40.0,0,0,15.75,1,1,0,80.0,0,-0.331300330350235,0,1,0,0,1,0,0,0,0,0
162,0,3,1,26.0,0,0,7.775,1,1,0,78.0,0,-0.4918744606632361,0,1,0,1,0,0,0,0,0,1
163,0,3,1,17.0,0,0,8.6625,1,1,0,51.0,0,-0.47400492578514347,0,1,0,1,0,0,0,0,0,1
164,0,3,1,1.0,4,1,39.6875,6,0,1,3.0,0,0.1506737441786005,0,1,0,0,0,0,1,0,0,0
165,1,3,1,9.0,0,2,20.525,3,0,0,27.0,0,-0.2351571990343002,0,1,0,0,0,0,1,0,0,0
166,1,1,0,28.0,0,1,55.0,2,0,0,28.0,0,0.4589861417231558,0,1,0,0,1,0,0,0,0,1
167,0,3,0,45.0,1,4,27.9,6,0,1,135.0,0,-0.08666388103324908,0,1,0,0,1,0,0,0,0,0
168,0,1,1,28.0,0,0,25.925,1,1,0,28.0,0,-0.12642988822675086,0,1,0,1,0,0,0,0,0,1
169,0,3,1,28.0,0,0,56.4958,1,1,0,84.0,0,0.48910360681684706,0,1,0,1,0,0,0,0,0,1
170,0,1,1,61.0,0,0,33.5,1,1,0,61.0,0,0.026090367211616904,0,1,0,1,0,0,0,1,0,0
171,0,3,1,4.0,4,1,29.125,6,0,1,12.0,0,-0.06199888922968463,1,0,0,0,0,0,1,0,0,0
172,1,3,0,1.0,1,1,11.1333,3,0,0,3.0,0,-0.4242561406845337,0,1,1,0,0,0,1,0,0,0
173,0,3,1,21.0,0,0,7.925,1,1,0,63.0,0,-0.4888542575852486,0,1,0,1,0,0,0,0,0,1
174,0,1,1,56.0,0,0,30.6958,1,1,0,56.0,0,-0.030371322596999754,0,0,0,1,0,0,0,1,0,0
175,0,3,1,18.0,1,1,7.8542,3,0,0,54.0,0,-0.4902797934380587,0,1,0,1,0,0,0,0,0,1
176,0,3,1,28.0,3,1,25.4667,5,0,1,84.0,1,-0.13565761536436197,0,1,0,0,0,0,0,0,0,1
177,0,1,0,50.0,0,0,28.7125,1,1,0,50.0,0,-0.07030444769415023,0,0,1,0,0,0,0,1,0,0
178,0,2,1,30.0,0,0,13.0,1,1,0,60.0,0,-0.3866707201133388,0,1,0,1,0,0,0,0,0,1
179,0,3,1,36.0,0,0,0.0,1,1,0,108.0,0,-0.6484216535389205,0,1,0,1,0,0,0,0,0,0
180,0,3,0,28.0,8,2,69.55,11,0,1,84.0,0,0.7519458402879414,0,1,1,0,0,0,0,0,0,1
181,0,2,1,28.0,0,0,15.05,1,1,0,56.0,0,-0.34539461138084326,0,0,0,1,0,0,0,0,0,1
182,0,3,1,9.0,4,2,31.3875,7,0,1,27.0,0,-0.016444159470040135,0,1,0,0,0,0,1,0,0,0
183,1,2,1,1.0,2,1,39.0,4,0,0,2.0,0,0.13683114673782454,0,1,0,0,0,0,1,0,0,0
184,1,3,0,4.0,0,2,22.025,3,0,0,12.0,0,-0.20495516825442542,0,1,1,0,0,0,1,0,0,0
185,0,1,1,28.0,0,0,50.0,1,1,0,28.0,0,0.3583127057902398,0,1,0,1,0,0,0,0,0,1
186,1,3,0,28.0,1,0,15.5,2,0,0,84.0,0,-0.3363340021468808,1,0,0,0,1,0,0,0,0,1
187,1,1,1,45.0,0,0,26.55,1,1,0,45.0,0,-0.11384570873513637,0,1,0,1,0,0,0,0,0,0
188,0,3,1,40.0,1,1,15.5,3,0,0,120.0,1,-0.3363340021468808,1,0,0,1,0,0,0,0,0,0
189,0,3,1,36.0,0,0,7.8958,1,1,0,108.0,0,-0.4894421904510968,0,1,0,1,0,0,0,0,0,0
190,1,2,0,32.0,0,0,13.0,1,1,0,64.0,0,-0.3866707201133388,0,1,0,0,1,0,0,0,0,1
191,0,2,1,19.0,0,0,13.0,1,1,0,38.0,0,-0.3866707201133388,0,1,0,1,0,0,0,0,0,1
192,1,3,0,19.0,1,0,7.8542,2,0,0,57.0,0,-0.4902797934380587,0,1,1,0,0,0,0,0,0,1
193,1,2,1,3.0,1,1,26.0,3,0,0,6.0,0,-0.12491978668775715,0,1,0,0,0,0,1,0,0,0
194,1,1,0,44.0,0,0,27.7208,1,1,0,44.0,0,-0.09027201697708476,0,0,0,0,1,0,0,0,0,0
195,1,1,0,58.0,0,0,146.5208,1,1,0,58.0,0,2.301728820789,0,0,1,0,0,0,0,1,0,0
196,0,3,1,28.0,0,0,7.75,1,1,0,84.0,0,-0.49237782784290063,1,0,0,1,0,0,0,0,0,1
197,0,3,1,42.0,0,1,8.4042,2,0,0,126.0,1,-0.47920571548543794,0,1,0,1,0,0,0,0,0,0
198,1,3,0,28.0,0,0,7.75,1,1,0,84.0,0,-0.49237782784290063,1,0,1,0,0,0,0,0,0,1
199,0,2,0,24.0,0,0,13.0,1,1,0,48.0,0,-0.3866707201133388,0,1,1,0,0,0,0,0,0,1
200,0,3,1,28.0,0,0,9.5,1,1,0,84.0,0,-0.45714212526638004,0,1,0,1,0,0,0,0,0,1
201,0,3,1,28.0,8,2,69.55,11,0,1,84.0,1,0.7519458402879414,0,1,0,1,0,0,0,0,0,1
202,0,3,1,34.0,0,0,6.4958,1,1,0,102.0,0,-0.5176307525123133,0,1,0,1,0,0,0,0,0,0
203,0,3,1,45.5,0,0,7.225,1,1,0,136.5,0,-0.5029485386158568,0,0,0,1,0,0,0,0,0,0
204,1,3,1,18.0,0,0,8.05,1,1,0,54.0,0,-0.4863374216869257,0,1,0,1,0,0,0,0,0,1
205,0,3,0,2.0,0,1,10.4625,2,0,0,6.0,0,-0.43776248884929375,0,1,1,0,0,0,1,0,0,0
206,0,3,1,32.0,1,0,15.85,2,0,0,96.0,0,-0.32928686163157667,0,1,0,1,0,0,0,0,0,1
207,1,3,1,26.0,0,0,18.7875,1,1,0,78.0,0,-0.2701412180209885,0,0,0,1,0,0,0,0,0,1
208,1,3,0,16.0,0,0,7.75,1,1,0,48.0,0,-0.49237782784290063,1,0,1,0,0,0,1,0,0,0
209,1,1,1,40.0,0,0,31.0,1,1,0,40.0,0,-0.024246350754841113,0,0,0,1,0,0,0,0,0,0
210,0,3,1,24.0,0,0,7.05,1,1,0,72.0,0,-0.5064721088735089,0,1,0,1,0,0,0,0,0,1
211,1,2,0,35.0,0,0,21.0,1,1,0,70.0,0,-0.22559322262067316,0,1,1,0,0,0,0,0,0,0
212,0,3,1,22.0,0,0,7.25,1,1,0,66.0,0,-0.5024451714361923,0,1,0,1,0,0,0,0,0,1
213,0,2,1,30.0,0,0,13.0,1,1,0,60.0,0,-0.3866707201133388,0,1,0,1,0,0,0,0,0,1
214,0,3,1,28.0,1,0,7.75,2,0,0,84.0,0,-0.49237782784290063,1,0,0,1,0,0,0,0,0,1
215,1,1,0,31.0,1,0,113.275,2,0,0,31.0,0,1.6323350375212924,0,0,1,0,0,0,0,0,0,1
216,1,3,0,27.0,0,0,7.925,1,1,0,81.0,0,-0.4888542575852486,0,1,1,0,0,0,0,0,0,1
217,0,2,1,42.0,1,0,27.0,2,0,0,84.0,0,-0.10478509950117394,0,1,0,1,0,0,0,0,0,0
218,1,1,0,32.0,0,0,76.2917,1,1,0,32.0,0,0.8876878608937296,0,0,1,0,0,0,0,0,0,1
219,0,2,1,30.0,0,0,10.5,1,1,0,60.0,0,-0.43700743807979686,0,1,0,1,0,0,0,0,0,1
220,1,3,1,16.0,0,0,8.05,1,1,0,48.0,0,-0.4863374216869257,0,1,0,1,0,0,1,0,0,0
221,0,2,1,27.0,0,0,13.0,1,1,0,54.0,0,-0.3866707201133388,0,1,0,1,0,0,0,0,0,1
222,0,3,1,51.0,0,0,8.05,1,1,0,153.0,0,-0.4863374216869257,0,1,0,1,0,0,0,1,0,0
223,0,3,1,28.0,0,0,7.8958,1,1,0,84.0,0,-0.4894421904510968,0,1,0,1,0,0,0,0,0,1
224,1,1,1,38.0,1,0,90.0,2,0,0,38.0,0,1.163700193253568,0,1,0,1,0,0,0,0,0,0
225,0,3,1,22.0,0,0,9.35,1,1,0,66.0,0,-0.4601623283443675,0,1,0,1,0,0,0,0,0,1
226,1,2,1,19.0,0,0,10.5,1,1,0,38.0,0,-0.43700743807979686,0,1,0,1,0,0,0,0,0,1
227,0,3,1,20.5,0,0,7.25,1,1,0,61.5,0,-0.5024451714361923,0,1,0,1,0,0,0,0,0,1
228,0,2,1,18.0,0,0,13.0,1,1,0,36.0,0,-0.3866707201133388,0,1,0,1,0,0,0,0,0,1
229,0,3,0,28.0,3,1,25.4667,5,0,1,84.0,0,-0.13565761536436197,0,1,1,0,0,0,0,0,0,1
230,1,1,0,35.0,1,0,83.475,2,0,0,35.0,0,1.0323213593611125,0,1,0,0,1,0,0,0,0,0
231,0,3,1,29.0,0,0,7.775,1,1,0,87.0,0,-0.4918744606632361,0,1,0,1,0,0,0,0,0,1
232,0,2,1,59.0,0,0,13.5,1,1,0,118.0,0,-0.3766033765200472,0,1,0,1,0,0,0,1,0,0
233,1,3,0,5.0,4,2,31.3875,7,0,1,15.0,0,-0.016444159470040135,0,1,1,0,0,0,1,0,0,0
234,0,2,1,24.0,0,0,10.5,1,1,0,48.0,0,-0.43700743807979686,0,1,0,1,0,0,0,0,0,1
235,0,3,0,28.0,0,0,7.55,1,1,0,84.0,0,-0.49640476528021726,0,1,1,0,0,0,0,0,0,1
236,0,2,1,44.0,1,0,26.0,2,0,0,88.0,0,-0.12491978668775715,0,1,0,1,0,0,0,0,0,0
237,1,2,0,8.0,0,2,26.25,3,0,0,16.0,0,-0.11988611489111134,0,1,1,0,0,0,1,0,0,0
238,0,2,1,19.0,0,0,10.5,1,1,0,38.0,0,-0.43700743807979686,0,1,0,1,0,0,0,0,0,1
239,0,2,1,33.0,0,0,12.275,1,1,0,66.0,0,-0.4012683683236117,0,1,0,1,0,0,0,0,0,0
240,0,3,0,28.0,1,0,14.4542,2,0,0,84.0,0,-0.3573908580066095,0,0,1,0,0,0,0,0,0,1
241,1,3,0,28.0,1,0,15.5,2,0,0,84.0,0,-0.3363340021468808,1,0,1,0,0,0,0,0,0,1
242,0,2,1,29.0,0,0,10.5,1,1,0,58.0,0,-0.43700743807979686,0,1,0,1,0,0,0,0,0,1
243,0,3,1,22.0,0,0,7.125,1,1,0,66.0,0,-0.5049620073345151,0,1,0,1,0,0,0,0,0,1
244,0,3,1,30.0,0,0,7.225,1,1,0,90.0,0,-0.5029485386158568,0,0,0,1,0,0,0,0,0,1
245,0,1,1,44.0,2,0,90.0,3,0,0,44.0,0,1.163700193253568,1,0,0,0,0,1,0,0,0,0
246,0,3,0,25.0,0,0,7.775,1,1,0,75.0,0,-0.4918744606632361,0,1,1,0,0,0,0,0,0,1
247,1,2,0,24.0,0,2,14.5,3,0,0,48.0,0,-0.35646868933346404,0,1,0,0,1,0,0,0,0,1
248,1,1,1,37.0,1,1,52.5542,3,0,0,37.0,1,0.40974072380221066,0,1,0,1,0,0,0,0,0,0
249,0,2,1,54.0,1,0,26.0,2,0,0,108.0,0,-0.12491978668775715,0,1,0,0,0,1,0,1,0,0
250,0,3,1,28.0,0,0,7.25,1,1,0,84.0,0,-0.5024451714361923,0,1,0,1,0,0,0,0,0,1
251,0,3,0,29.0,1,1,10.4625,3,0,0,87.0,0,-0.43776248884929375,0,1,0,0,1,0,0,0,0,1
252,0,1,1,62.0,0,0,26.55,1,1,0,62.0,0,-0.11384570873513637,0,1,0,1,0,0,0,1,0,0
253,0,3,1,30.0,1,0,16.1,2,0,0,90.0,0,-0.32425318983493084,0,1,0,1,0,0,0,0,0,1
254,0,3,0,41.0,0,2,20.2125,3,0,0,123.0,0,-0.2414492887801075,0,1,0,0,1,0,0,0,0,0
255,1,3,0,29.0,0,2,15.2458,3,0,0,87.0,0,-0.3414522396297103,0,0,0,0,1,0,0,0,0,1
256,1,1,0,28.0,0,0,79.2,1,1,0,28.0,0,0.9462455716384695,0,0,0,0,1,0,0,0,0,1
257,1,1,0,30.0,0,0,86.5,1,1,0,30.0,0,1.093228788100527,0,1,1,0,0,0,0,0,0,1
258,1,1,0,35.0,0,0,512.3292,1,1,0,35.0,0,9.667166525013505,0,0,1,0,0,0,0,0,0,0
259,1,2,0,50.0,0,1,26.0,2,0,0,100.0,0,-0.12491978668775715,0,1,0,0,1,0,0,1,0,0
260,0,3,1,28.0,0,0,7.75,1,1,0,84.0,0,-0.49237782784290063,1,0,0,1,0,0,0,0,0,1
261,1,3,1,3.0,4,2,31.3875,7,0,1,9.0,0,-0.016444159470040135,0,1,0,0,0,0,1,0,0,0
262,0,1,1,52.0,1,1,79.65,3,0,0,52.0,1,0.955306180872432,0,1,0,1,0,0,0,1,0,0
263,0,1,1,40.0,0,0,0.0,1,1,0,40.0,0,-0.6484216535389205,0,1,0,1,0,0,0,0,0,0
264,0,3,0,28.0,0,0,7.75,1,1,0,84.0,0,-0.49237782784290063,1,0,1,0,0,0,0,0,0,1
265,0,2,1,36.0,0,0,10.5,1,1,0,72.0,0,-0.43700743807979686,0,1,0,1,0,0,0,0,0,0
266,0,3,1,16.0,4,1,39.6875,6,0,1,48.0,0,0.1506737441786005,0,1,0,1,0,0,1,0,0,0
267,1,3,1,25.0,1,0,7.775,2,0,0,75.0,0,-0.4918744606632361,0,1,0,1,0,0,0,0,0,1
268,1,1,0,58.0,0,1,153.4625,2,0,0,58.0,0,2.441497778832105,0,1,0,0,1,0,0,1,0,0
269,1,1,0,35.0,0,0,135.6333,1,1,0,35.0,0,2.0825124140450755,0,1,1,0,0,0,0,0,0,0
270,0,1,1,28.0,0,0,31.0,1,1,0,28.0,0,-0.024246350754841113,0,1,0,1,0,0,0,0,0,1
271,1,3,1,25.0,0,0,0.0,1,1,0,75.0,0,-0.6484216535389205,0,1,0,1,0,0,0,0,0,1
272,1,2,0,41.0,0,1,19.5,2,0,0,82.0,0,-0.255795253400548,0,1,0,0,1,0,0,0,0,0
273,0,1,1,37.0,0,1,29.7,2,0,0,37.0,1,-0.05042144409739929,0,0,0,1,0,0,0,0,0,0
274,1,3,0,28.0,0,0,7.75,1,1,0,84.0,0,-0.49237782784290063,1,0,1,0,0,0,0,0,0,1
275,1,1,0,63.0,1,0,77.9583,2,0,0,63.0,0,0.921244330558889,0,1,1,0,0,0,0,1,0,0
276,0,3,0,45.0,0,0,7.75,1,1,0,135.0,0,-0.49237782784290063,0,1,1,0,0,0,0,0,0,0
277,0,2,1,28.0,0,0,0.0,1,1,0,56.0,0,-0.6484216535389205,0,1,0,1,0,0,0,0,0,1
278,0,3,1,7.0,4,1,29.125,6,0,1,21.0,0,-0.06199888922968463,1,0,0,0,0,0,1,0,0,0
279,1,3,0,35.0,1,1,20.25,3,0,0,105.0,0,-0.24069423801061057,0,1,0,0,1,0,0,0,0,0
280,0,3,1,65.0,0,0,7.75,1,1,0,195.0,0,-0.49237782784290063,1,0,0,1,0,0,0,0,1,0
281,0,3,1,28.0,0,0,7.8542,1,1,0,84.0,0,-0.4902797934380587,0,1,0,1,0,0,0,0,0,1
282,0,3,1,16.0,0,0,9.5,1,1,0,48.0,0,-0.45714212526638004,0,1,0,1,0,0,1,0,0,0
283,1,3,1,19.0,0,0,8.05,1,1,0,57.0,0,-0.4863374216869257,0,1,0,1,0,0,0,0,0,1
284,0,1,1,28.0,0,0,26.0,1,1,0,28.0,0,-0.12491978668775715,0,1,0,1,0,0,0,0,0,1
285,0,3,1,33.0,0,0,8.6625,1,1,0,99.0,0,-0.47400492578514347,0,0,0,1,0,0,0,0,0,0
286,1,3,1,30.0,0,0,9.5,1,1,0,90.0,0,-0.45714212526638004,0,1,0,1,0,0,0,0,0,1
287,0,3,1,22.0,0,0,7.8958,1,1,0,66.0,0,-0.4894421904510968,0,1,0,1,0,0,0,0,0,1
288,1,2,1,42.0,0,0,13.0,1,1,0,84.0,0,-0.3866707201133388,0,1,0,1,0,0,0,0,0,0
289,1,3,0,22.0,0,0,7.75,1,1,0,66.0,0,-0.49237782784290063,1,0,1,0,0,0,0,0,0,1
290,1,1,0,26.0,0,0,78.85,1,1,0,26.0,0,0.9391984311231651,0,1,1,0,0,0,0,0,0,1
291,1,1,0,19.0,1,0,91.0792,2,0,0,19.0,0,1.1854295476653287,0,0,0,0,1,0,0,0,0,1
292,0,2,1,36.0,0,0,12.875,1,1,0,72.0,0,-0.3891875560116617,0,0,0,1,0,0,0,0,0,0
293,0,3,0,24.0,0,0,8.85,1,1,0,72.0,0,-0.4702296719376591,0,1,1,0,0,0,0,0,0,1
294,0,3,1,24.0,0,0,7.8958,1,1,0,72.0,0,-0.4894421904510968,0,1,0,1,0,0,0,0,0,1
295,0,1,1,28.0,0,0,27.7208,1,1,0,28.0,0,-0.09027201697708476,0,0,0,1,0,0,0,0,0,1
296,0,3,1,23.5,0,0,7.2292,1,1,0,70.5,0,-0.5028639729296732,0,0,0,1,0,0,0,0,0,1
297,0,1,0,2.0,1,2,151.55,4,0,0,2.0,0,2.4029901895877646,0,1,1,0,0,0,1,0,0,0
298,1,1,1,28.0,0,0,30.5,1,1,0,28.0,0,-0.034313694348132716,0,1,0,1,0,0,0,0,0,1
299,1,1,0,50.0,0,1,247.5208,2,0,0,50.0,0,4.335332226633905,0,0,0,0,1,0,0,1,0,0
300,1,3,0,28.0,0,0,7.75,1,1,0,84.0,0,-0.49237782784290063,1,0,1,0,0,0,0,0,0,1
301,1,3,1,28.0,2,0,23.25,3,0,0,84.0,0,-0.18029017645086096,1,0,0,1,0,0,0,0,0,1
302,0,3,1,19.0,0,0,0.0,1,1,0,57.0,0,-0.6484216535389205,0,1,0,1,0,0,0,0,0,1
303,1,2,0,28.0,0,0,12.35,1,1,0,56.0,0,-0.3997582667846179,1,0,1,0,0,0,0,0,0,1
304,0,3,1,28.0,0,0,8.05,1,1,0,84.0,0,-0.4863374216869257,0,1,0,1,0,0,0,0,0,1
305,1,1,1,0.92,1,2,151.55,4,0,0,0.92,0,2.4029901895877646,0,1,0,0,0,0,1,0,0,0
306,1,1,0,28.0,0,0,110.8833,1,1,0,28.0,0,1.5841789061771412,0,0,1,0,0,0,0,0,0,1
307,1,1,0,17.0,1,0,108.9,2,0,0,17.0,0,1.5442457810799908,0,0,0,0,1,0,0,0,0,1
308,0,2,1,30.0,1,0,24.0,2,0,0,60.0,0,-0.16518916106092355,0,0,0,1,0,0,0,0,0,1
309,1,1,0,30.0,0,0,56.9292,1,1,0,30.0,0,0.49782998024351216,0,0,1,0,0,0,0,0,0,1
310,1,1,0,24.0,0,0,83.1583,1,1,0,24.0,0,1.0259447039291216,0,0,1,0,0,0,0,0,0,1
311,1,1,0,18.0,2,2,262.375,5,0,1,18.0,0,4.634416897040849,0,0,1,0,0,0,0,0,0,1
312,0,2,0,26.0,1,1,26.0,3,0,0,52.0,0,-0.12491978668775715,0,1,0,0,1,0,0,0,0,1
313,0,3,1,28.0,0,0,7.8958,1,1,0,84.0,0,-0.4894421904510968,0,1,0,1,0,0,0,0,0,1
314,0,2,1,43.0,1,1,26.25,3,0,0,86.0,1,-0.11988611489111134,0,1,0,1,0,0,0,0,0,0
315,1,3,0,26.0,0,0,7.8542,1,1,0,78.0,0,-0.4902797934380587,0,1,1,0,0,0,0,0,0,1
316,1,2,0,24.0,1,0,26.0,2,0,0,48.0,0,-0.12491978668775715,0,1,0,0,1,0,0,0,0,1
317,0,2,1,54.0,0,0,14.0,1,1,0,108.0,0,-0.36653603292675563,0,1,0,0,0,1,0,1,0,0
318,1,1,0,31.0,0,2,164.8667,3,0,0,31.0,0,2.671117778445337,0,1,1,0,0,0,0,0,0,1
319,1,1,0,40.0,1,1,134.5,3,0,0,40.0,0,2.059693773056521,0,0,0,0,1,0,0,0,0,0
320,0,3,1,22.0,0,0,7.25,1,1,0,66.0,0,-0.5024451714361923,0,1,0,1,0,0,0,0,0,1
321,0,3,1,27.0,0,0,7.8958,1,1,0,81.0,0,-0.4894421904510968,0,1,0,1,0,0,0,0,0,1
322,1,2,0,30.0,0,0,12.35,1,1,0,60.0,0,-0.3997582667846179,1,0,1,0,0,0,0,0,0,1
323,1,2,0,22.0,1,1,29.0,3,0,0,44.0,0,-0.06451572512800753,0,1,0,0,1,0,0,0,0,1
324,0,3,1,28.0,8,2,69.55,11,0,1,84.0,1,0.7519458402879414,0,1,0,1,0,0,0,0,0,1
325,1,1,0,36.0,0,0,135.6333,1,1,0,36.0,0,2.0825124140450755,0,0,1,0,0,0,0,0,0,0
326,0,3,1,61.0,0,0,6.2375,1,1,0,183.0,0,-0.5228315422126077,0,1,0,1,0,0,0,1,0,0
327,1,2,0,36.0,0,0,13.0,1,1,0,72.0,0,-0.3866707201133388,0,1,0,0,1,0,0,0,0,0
328,1,3,0,31.0,1,1,20.525,3,0,0,93.0,0,-0.2351571990343002,0,1,0,0,1,0,0,0,0,1
329,1,1,0,16.0,0,1,57.9792,2,0,0,16.0,0,0.5189714017894245,0,0,1,0,0,0,1,0,0,0
330,1,3,0,28.0,2,0,23.25,3,0,0,84.0,0,-0.18029017645086096,1,0,1,0,0,0,0,0,0,1
331,0,1,1,45.5,0,0,28.5,1,1,0,45.5,0,-0.07458306872129913,0,1,0,1,0,0,0,0,0,0
332,0,1,1,38.0,0,1,153.4625,2,0,0,38.0,1,2.441497778832105,0,1,0,1,0,0,0,0,0,0
333,0,3,1,16.0,2,0,18.0,3,0,0,48.0,0,-0.2859972841804228,0,1,0,1,0,0,1,0,0,0
334,1,1,0,28.0,1,0,133.65,2,0,0,28.0,0,2.042579288947925,0,1,0,0,1,0,0,0,0,1
335,0,3,1,28.0,0,0,7.8958,1,1,0,84.0,0,-0.4894421904510968,0,1,0,1,0,0,0,0,0,1
336,0,1,1,29.0,1,0,66.6,2,0,0,29.0,0,0.6925485130875209,0,1,0,1,0,0,0,0,0,1
337,1,1,0,41.0,0,0,134.5,1,1,0,41.0,0,2.059693773056521,0,0,1,0,0,0,0,0,0,0
338,1,3,1,45.0,0,0,8.05,1,1,0,135.0,0,-0.4863374216869257,0,1,0,1,0,0,0,0,0,0
339,0,1,1,45.0,0,0,35.5,1,1,0,45.0,0,0.06635974158478332,0,1,0,1,0,0,0,0,0,0
340,1,2,1,2.0,1,1,26.0,3,0,0,4.0,0,-0.12491978668775715,0,1,0,0,0,0,1,0,0,0
341,1,1,0,24.0,3,2,263.0,6,0,1,24.0,0,4.647001076532463,0,1,1,0,0,0,0,0,0,1
342,0,2,1,28.0,0,0,13.0,1,1,0,56.0,0,-0.3866707201133388,0,1,0,1,0,0,0,0,0,1
343,0,2,1,25.0,0,0,13.0,1,1,0,50.0,0,-0.3866707201133388,0,1,0,1,0,0,0,0,0,1
344,0,2,1,36.0,0,0,13.0,1,1,0,72.0,0,-0.3866707201133388,0,1,0,1,0,0,0,0,0,0
345,1,2,0,24.0,0,0,13.0,1,1,0,48.0,0,-0.3866707201133388,0,1,1,0,0,0,0,0,0,1
346,1,2,0,40.0,0,0,13.0,1,1,0,80.0,0,-0.3866707201133388,0,1,1,0,0,0,0,0,0,0
347,1,3,0,28.0,1,0,16.1,2,0,0,84.0,0,-0.32425318983493084,0,1,0,0,1,0,0,0,0,1
348,1,3,1,3.0,1,1,15.9,3,0,0,9.0,0,-0.32828012727224753,0,1,0,0,0,0,1,0,0,0
349,0,3,1,42.0,0,0,8.6625,1,1,0,126.0,0,-0.47400492578514347,0,1,0,1,0,0,0,0,0,0
350,0,3,1,23.0,0,0,9.225,1,1,0,69.0,0,-0.4626791642426904,0,1,0,1,0,0,0,0,0,1
351,0,1,1,28.0,0,0,35.0,1,1,0,28.0,0,0.05629239799149171,0,1,0,1,0,0,0,0,0,1
352,0,3,1,15.0,1,1,7.2292,3,0,0,45.0,0,-0.5028639729296732,0,0,0,1,0,0,1,0,0,0
353,0,3,1,25.0,1,0,17.8,2,0,0,75.0,0,-0.29002422161773944,0,1,0,1,0,0,0,0,0,1
354,0,3,1,28.0,0,0,7.225,1,1,0,84.0,0,-0.5029485386158568,0,0,0,1,0,0,0,0,0,1
355,0,3,1,28.0,0,0,9.5,1,1,0,84.0,0,-0.45714212526638004,0,1,0,1,0,0,0,0,0,1
356,1,1,0,22.0,0,1,55.0,2,0,0,22.0,0,0.4589861417231558,0,1,1,0,0,0,0,0,0,1
357,0,2,0,38.0,0,0,13.0,1,1,0,76.0,0,-0.3866707201133388,0,1,1,0,0,0,0,0,0,0
358,1,3,0,28.0,0,0,7.8792,1,1,0,84.0,0,-0.48977642625839407,1,0,1,0,0,0,0,0,0,1
359,1,3,0,28.0,0,0,7.8792,1,1,0,84.0,0,-0.48977642625839407,1,0,1,0,0,0,0,0,0,1
360,0,3,1,40.0,1,4,27.9,6,0,1,120.0,1,-0.08666388103324908,0,1,0,1,0,0,0,0,0,0
361,0,2,1,29.0,1,0,27.7208,2,0,0,58.0,0,-0.09027201697708476,0,0,0,1,0,0,0,0,0,1
362,0,3,0,45.0,0,1,14.4542,2,0,0,135.0,0,-0.3573908580066095,0,0,0,0,1,0,0,0,0,0
363,0,3,1,35.0,0,0,7.05,1,1,0,105.0,0,-0.5064721088735089,0,1,0,1,0,0,0,0,0,0
364,0,3,1,28.0,1,0,15.5,2,0,0,84.0,0,-0.3363340021468808,1,0,0,1,0,0,0,0,0,1
365,0,3,1,30.0,0,0,7.25,1,1,0,90.0,0,-0.5024451714361923,0,1,0,1,0,0,0,0,0,1
366,1,1,0,60.0,1,0,75.25,2,0,0,60.0,0,0.8667135572514657,0,0,0,0,1,0,0,1,0,0
367,1,3,0,28.0,0,0,7.2292,1,1,0,84.0,0,-0.5028639729296732,0,0,0,0,1,0,0,0,0,1
368,1,3,0,28.0,0,0,7.75,1,1,0,84.0,0,-0.49237782784290063,1,0,1,0,0,0,0,0,0,1
369,1,1,0,24.0,0,0,69.3,1,1,0,24.0,0,0.7469121684912956,0,0,0,0,0,1,0,0,0,1
370,1,1,1,25.0,1,0,55.4417,2,0,0,25.0,0,0.4678796330534696,0,0,0,1,0,0,0,0,0,1
371,0,3,1,18.0,1,0,6.4958,2,0,0,54.0,0,-0.5176307525123133,0,1,0,1,0,0,0,0,0,1
372,0,3,1,19.0,0,0,8.05,1,1,0,57.0,0,-0.4863374216869257,0,1,0,1,0,0,0,0,0,1
373,0,1,1,22.0,0,0,135.6333,1,1,0,22.0,0,2.0825124140450755,0,0,0,1,0,0,0,0,0,1
374,0,3,0,3.0,3,1,21.075,5,0,1,9.0,0,-0.22408312108167944,0,1,1,0,0,0,1,0,0,0
375,1,1,0,28.0,1,0,82.1708,2,0,0,28.0,0,1.0060617003323709,0,0,0,0,1,0,0,0,0,1
376,1,3,0,22.0,0,0,7.25,1,1,0,66.0,0,-0.5024451714361923,0,1,1,0,0,0,0,0,0,1
377,0,1,1,27.0,0,2,211.5,3,0,0,27.0,1,3.610064686423428,0,0,0,1,0,0,0,0,0,1
378,0,3,1,20.0,0,0,4.0125,1,1,0,60.0,0,-0.5676312212027554,0,0,0,1,0,0,0,0,0,1
379,0,3,1,19.0,0,0,7.775,1,1,0,57.0,0,-0.4918744606632361,0,1,0,1,0,0,0,0,0,1
380,1,1,0,42.0,0,0,227.525,1,1,0,42.0,0,3.9327230485884233,0,0,1,0,0,0,0,0,0,0
381,1,3,0,1.0,0,2,15.7417,3,0,0,3.0,0,-0.33146744825388363,0,0,1,0,0,0,1,0,0,0
382,0,3,1,32.0,0,0,7.925,1,1,0,96.0,0,-0.4888542575852486,0,1,0,1,0,0,0,0,0,1
383,1,1,0,35.0,1,0,52.0,2,0,0,35.0,0,0.39858208016340624,0,1,0,0,1,0,0,0,0,0
384,0,3,1,28.0,0,0,7.8958,1,1,0,84.0,0,-0.4894421904510968,0,1,0,1,0,0,0,0,0,1
385,0,2,1,18.0,0,0,73.5,1,1,0,36.0,0,0.8314778546749452,0,1,0,1,0,0,0,0,0,1
386,0,3,1,1.0,5,2,46.9,8,0,1,3.0,0,0.2958951755118318,0,1,0,0,0,0,1,0,0,0
387,1,2,0,36.0,0,0,13.0,1,1,0,72.0,0,-0.3866707201133388,0,1,1,0,0,0,0,0,0,0
388,0,3,1,28.0,0,0,7.7292,1,1,0,84.0,0,-0.49279662933638163,1,0,0,1,0,0,0,0,0,1
389,1,2,0,17.0,0,0,12.0,1,1,0,34.0,0,-0.40680540729992204,0,0,1,0,0,0,0,0,0,1
390,1,1,1,36.0,1,2,120.0,4,0,0,36.0,1,1.7677408088510642,0,1,0,1,0,0,0,0,0,0
391,1,3,1,21.0,0,0,7.7958,1,1,0,63.0,0,-0.49145565916975514,0,1,0,1,0,0,0,0,0,1
392,0,3,1,28.0,2,0,7.925,3,0,0,84.0,0,-0.4888542575852486,0,1,0,1,0,0,0,0,0,1
393,1,1,0,23.0,1,0,113.275,2,0,0,23.0,0,1.6323350375212924,0,0,1,0,0,0,0,0,0,1
394,1,3,0,24.0,0,2,16.7,3,0,0,72.0,0,-0.312172377522981,0,1,0,0,1,0,0,0,0,1
395,0,3,1,22.0,0,0,7.7958,1,1,0,66.0,0,-0.49145565916975514,0,1,0,1,0,0,0,0,0,1
396,0,3,0,31.0,0,0,7.8542,1,1,0,93.0,0,-0.4902797934380587,0,1,1,0,0,0,0,0,0,1
397,0,2,1,46.0,0,0,26.0,1,1,0,92.0,0,-0.12491978668775715,0,1,0,1,0,0,0,0,0,0
398,0,2,1,23.0,0,0,10.5,1,1,0,46.0,0,-0.43700743807979686,0,1,0,0,0,1,0,0,0,1
399,1,2,0,28.0,0,0,12.65,1,1,0,56.0,0,-0.393717860628643,0,1,0,0,1,0,0,0,0,1
400,1,3,1,39.0,0,0,7.925,1,1,0,117.0,0,-0.4888542575852486,0,1,0,1,0,0,0,0,0,0
401,0,3,1,26.0,0,0,8.05,1,1,0,78.0,0,-0.4863374216869257,0,1,0,1,0,0,0,0,0,1
402,0,3,0,21.0,1,0,9.825,2,0,0,63.0,0,-0.4505983519307405,0,1,1,0,0,0,0,0,0,1
403,0,3,1,28.0,1,0,15.85,2,0,0,84.0,0,-0.32928686163157667,0,1,0,1,0,0,0,0,0,1
404,0,3,0,20.0,0,0,8.6625,1,1,0,60.0,0,-0.47400492578514347,0,1,1,0,0,0,0,0,0,1
405,0,2,1,34.0,1,0,21.0,2,0,0,68.0,0,-0.22559322262067316,0,1,0,1,0,0,0,0,0,0
406,0,3,1,51.0,0,0,7.75,1,1,0,153.0,0,-0.49237782784290063,0,1,0,1,0,0,0,1,0,0
407,1,2,1,3.0,1,1,18.75,3,0,0,6.0,0,-0.2708962687904854,0,1,0,0,0,0,1,0,0,0
408,0,3,1,21.0,0,0,7.775,1,1,0,63.0,0,-0.4918744606632361,0,1,0,1,0,0,0,0,0,1
409,0,3,0,28.0,3,1,25.4667,5,0,1,84.0,0,-0.13565761536436197,0,1,1,0,0,0,0,0,0,1
410,0,3,1,28.0,0,0,7.8958,1,1,0,84.0,0,-0.4894421904510968,0,1,0,1,0,0,0,0,0,1
411,0,3,1,28.0,0,0,6.8583,1,1,0,84.0,0,-0.5103319284071769,1,0,0,1,0,0,0,0,0,1
412,1,1,0,33.0,1,0,90.0,2,0,0,33.0,0,1.163700193253568,1,0,1,0,0,0,0,0,0,0
413,0,2,1,28.0,0,0,0.0,1,1,0,56.0,0,-0.6484216535389205,0,1,0,1,0,0,0,0,0,1
414,1,3,1,44.0,0,0,7.925,1,1,0,132.0,0,-0.4888542575852486,0,1,0,1,0,0,0,0,0,0
415,0,3,0,28.0,0,0,8.05,1,1,0,84.0,0,-0.4863374216869257,0,1,0,0,1,0,0,0,0,1
416,1,2,0,34.0,1,1,32.5,3,0,0,68.0,0,0.005955680025033696,0,1,0,0,1,0,0,0,0,0
417,1,2,0,18.0,0,2,13.0,3,0,0,36.0,0,-0.3866707201133388,0,1,1,0,0,0,0,0,0,1
418,0,2,1,30.0,0,0,13.0,1,1,0,60.0,0,-0.3866707201133388,0,1,0,1,0,0,0,0,0,1
419,0,3,0,10.0,0,2,24.15,3,0,0,30.0,0,-0.1621689579829361,0,1,1,0,0,0,1,0,0,0
420,0,3,1,28.0,0,0,7.8958,1,1,0,84.0,0,-0.4894421904510968,0,0,0,1,0,0,0,0,0,1
421,0,3,1,21.0,0,0,7.7333,1,1,0,63.0,0,-0.49271407711891657,1,0,0,1,0,0,0,0,0,1
422,0,3,1,29.0,0,0,7.875,1,1,0,87.0,0,-0.4898609919445778,0,1,0,1,0,0,0,0,0,1
423,0,3,0,28.0,1,1,14.4,3,0,0,84.0,0,-0.35848215805212236,0,1,0,0,1,0,0,0,0,1
424,0,3,1,18.0,1,1,20.2125,3,0,0,54.0,0,-0.2414492887801075,0,1,0,1,0,0,0,0,0,1
425,0,3,1,28.0,0,0,7.25,1,1,0,84.0,0,-0.5024451714361923,0,1,0,1,0,0,0,0,0,1
426,1,2,0,28.0,1,0,26.0,2,0,0,56.0,0,-0.12491978668775715,0,1,0,0,1,0,0,0,0,1
427,1,2,0,19.0,0,0,26.0,1,1,0,38.0,0,-0.12491978668775715,0,1,1,0,0,0,0,0,0,1
428,0,3,1,28.0,0,0,7.75,1,1,0,84.0,0,-0.49237782784290063,1,0,0,1,0,0,0,0,0,1
429,1,3,1,32.0,0,0,8.05,1,1,0,96.0,0,-0.4863374216869257,0,1,0,1,0,0,0,0,0,1
430,1,1,1,28.0,0,0,26.55,1,1,0,28.0,0,-0.11384570873513637,0,1,0,1,0,0,0,0,0,1
431,1,3,0,28.0,1,0,16.1,2,0,0,84.0,0,-0.32425318983493084,0,1,0,0,1,0,0,0,0,1
432,1,2,0,42.0,1,0,26.0,2,0,0,84.0,0,-0.12491978668775715,0,1,0,0,1,0,0,0,0,0
433,0,3,1,17.0,0,0,7.125,1,1,0,51.0,0,-0.5049620073345151,0,1,0,1,0,0,0,0,0,1
434,0,1,1,50.0,1,0,55.9,2,0,0,50.0,0,0.4771073601910807,0,1,0,1,0,0,0,1,0,0
435,1,1,0,14.0,1,2,120.0,4,0,0,14.0,0,1.7677408088510642,0,1,1,0,0,0,1,0,0,0
436,0,3,0,21.0,2,2,34.375,5,0,1,63.0,0,0.04370821849987721,0,1,1,0,0,0,0,0,0,1
437,1,2,0,24.0,2,3,18.75,6,0,1,48.0,0,-0.2708962687904854,0,1,0,0,1,0,0,0,0,1
438,0,1,1,64.0,1,4,263.0,6,0,1,64.0,1,4.647001076532463,0,1,0,1,0,0,0,1,0,0
439,0,2,1,31.0,0,0,10.5,1,1,0,62.0,0,-0.43700743807979686,0,1,0,1,0,0,0,0,0,1
440,1,2,0,45.0,1,1,26.25,3,0,0,90.0,0,-0.11988611489111134,0,1,0,0,1,0,0,0,0,0
441,0,3,1,20.0,0,0,9.5,1,1,0,60.0,0,-0.45714212526638004,0,1,0,1,0,0,0,0,0,1
442,0,3,1,25.0,1,0,7.775,2,0,0,75.0,0,-0.4918744606632361,0,1,0,1,0,0,0,0,0,1
443,1,2,0,28.0,0,0,13.0,1,1,0,56.0,0,-0.3866707201133388,0,1,0,0,0,1,0,0,0,1
444,1,3,1,28.0,0,0,8.1125,1,1,0,84.0,0,-0.48507900373776425,0,1,0,1,0,0,0,0,0,1
445,1,1,1,4.0,0,2,81.8583,3,0,0,4.0,0,0.9997696105865636,0,1,0,0,0,0,1,0,0,0
446,1,2,0,13.0,0,1,19.5,2,0,0,26.0,0,-0.255795253400548,0,1,1,0,0,0,1,0,0,0
447,1,1,1,34.0,0,0,26.55,1,1,0,34.0,0,-0.11384570873513637,0,1,0,1,0,0,0,0,0,0
448,1,3,0,5.0,2,1,19.2583,4,0,0,15.0,0,-0.26066180729354516,0,0,1,0,0,0,1,0,0,0
449,1,1,1,52.0,0,0,30.5,1,1,0,52.0,0,-0.034313694348132716,0,1,0,0,0,1,0,1,0,0
450,0,2,1,36.0,1,2,27.75,4,0,0,72.0,1,-0.08968408411123653,0,1,0,1,0,0,0,0,0,0
451,0,3,1,28.0,1,0,19.9667,2,0,0,84.0,0,-0.2463983948905696,0,1,0,1,0,0,0,0,0,1
452,0,1,1,30.0,0,0,27.75,1,1,0,30.0,0,-0.08968408411123653,0,0,0,1,0,0,0,0,0,1
453,1,1,1,49.0,1,0,89.1042,2,0,0,49.0,0,1.145663540471827,0,0,0,1,0,0,0,1,0,0
454,0,3,1,28.0,0,0,8.05,1,1,0,84.0,0,-0.4863374216869257,0,1,0,1,0,0,0,0,0,1
455,1,3,1,29.0,0,0,7.8958,1,1,0,87.0,0,-0.4894421904510968,0,0,0,1,0,0,0,0,0,1
456,0,1,1,65.0,0,0,26.55,1,1,0,65.0,0,-0.11384570873513637,0,1,0,1,0,0,0,0,1,0
457,1,1,0,28.0,1,0,51.8625,2,0,0,28.0,0,0.395813560675251,0,1,0,0,1,0,0,0,0,1
458,1,2,0,50.0,0,0,10.5,1,1,0,100.0,0,-0.43700743807979686,0,1,1,0,0,0,0,1,0,0
459,0,3,1,28.0,0,0,7.75,1,1,0,84.0,0,-0.49237782784290063,1,0,0,1,0,0,0,0,0,1
460,1,1,1,48.0,0,0,26.55,1,1,0,48.0,0,-0.11384570873513637,0,1,0,1,0,0,0,0,0,0
461,0,3,1,34.0,0,0,8.05,1,1,0,102.0,0,-0.4863374216869257,0,1,0,1,0,0,0,0,0,0
462,0,1,1,47.0,0,0,38.5,1,1,0,47.0,0,0.12676380314453292,0,1,0,1,0,0,0,0,0,0
463,0,2,1,48.0,0,0,13.0,1,1,0,96.0,0,-0.3866707201133388,0,1,0,1,0,0,0,0,0,0
464,0,3,1,28.0,0,0,8.05,1,1,0,84.0,0,-0.4863374216869257,0,1,0,1,0,0,0,0,0,1
465,0,3,1,38.0,0,0,7.05,1,1,0,114.0,0,-0.5064721088735089,0,1,0,1,0,0,0,0,0,0
466,0,2,1,28.0,0,0,0.0,1,1,0,56.0,0,-0.6484216535389205,0,1,0,1,0,0,0,0,0,1
467,0,1,1,56.0,0,0,26.55,1,1,0,56.0,0,-0.11384570873513637,0,1,0,1,0,0,0,1,0,0
468,0,3,1,28.0,0,0,7.725,1,1,0,84.0,0,-0.4928811950225652,1,0,0,1,0,0,0,0,0,1
469,1,3,0,0.75,2,1,19.2583,4,0,0,2.25,0,-0.26066180729354516,0,0,1,0,0,0,1,0,0,0
470,0,3,1,28.0,0,0,7.25,1,1,0,84.0,0,-0.5024451714361923,0,1,0,1,0,0,0,0,0,1
471,0,3,1,38.0,0,0,8.6625,1,1,0,114.0,0,-0.47400492578514347,0,1,0,1,0,0,0,0,0,0
472,1,2,0,33.0,1,2,27.75,4,0,0,66.0,0,-0.08968408411123653,0,1,0,0,1,0,0,0,0,0
473,1,2,0,23.0,0,0,13.7917,1,1,0,46.0,0,-0.3707300882677209,0,0,0,0,1,0,0,0,0,1
474,0,3,0,22.0,0,0,9.8375,1,1,0,66.0,0,-0.45034666834090825,0,1,1,0,0,0,0,0,0,1
475,0,1,1,28.0,0,0,52.0,1,1,0,28.0,0,0.39858208016340624,0,1,0,1,0,0,0,0,0,1
476,0,2,1,34.0,1,0,21.0,2,0,0,68.0,0,-0.22559322262067316,0,1,0,1,0,0,0,0,0,0
477,0,3,1,29.0,1,0,7.0458,2,0,0,87.0,0,-0.5065566745596926,0,1,0,1,0,0,0,0,0,1
478,0,3,1,22.0,0,0,7.5208,1,1,0,66.0,0,-0.4969926981460655,0,1,0,1,0,0,0,0,0,1
479,1,3,0,2.0,0,1,12.2875,2,0,0,6.0,0,-0.4010166847337793,0,1,1,0,0,0,1,0,0,0
480,0,3,1,9.0,5,2,46.9,8,0,1,27.0,0,0.2958951755118318,0,1,0,0,0,0,1,0,0,0
481,0,2,1,28.0,0,0,0.0,1,1,0,56.0,0,-0.6484216535389205,0,1,0,1,0,0,0,0,0,1
482,0,3,1,50.0,0,0,8.05,1,1,0,150.0,0,-0.4863374216869257,0,1,0,1,0,0,0,1,0,0
483,1,3,0,63.0,0,0,9.5875,1,1,0,189.0,0,-0.455380340137554,0,1,0,0,1,0,0,1,0,0
484,1,1,1,25.0,1,0,91.0792,2,0,0,25.0,0,1.1854295476653287,0,0,0,1,0,0,0,0,0,1
485,0,3,0,28.0,3,1,25.4667,5,0,1,84.0,0,-0.13565761536436197,0,1,1,0,0,0,0,0,0,1
486,1,1,0,35.0,1,0,90.0,2,0,0,35.0,0,1.163700193253568,0,1,0,0,1,0,0,0,0,0
487,0,1,1,58.0,0,0,29.7,1,1,0,58.0,0,-0.05042144409739929,0,0,0,1,0,0,0,1,0,0
488,0,3,1,30.0,0,0,8.05,1,1,0,90.0,0,-0.4863374216869257,0,1,0,1,0,0,0,0,0,1
489,1,3,1,9.0,1,1,15.9,3,0,0,27.0,0,-0.32828012727224753,0,1,0,0,0,0,1,0,0,0
490,0,3,1,28.0,1,0,19.9667,2,0,0,84.0,0,-0.2463983948905696,0,1,0,1,0,0,0,0,0,1
491,0,3,1,21.0,0,0,7.25,1,1,0,63.0,0,-0.5024451714361923,0,1,0,1,0,0,0,0,0,1
492,0,1,1,55.0,0,0,30.5,1,1,0,55.0,0,-0.034313694348132716,0,1,0,1,0,0,0,1,0,0
493,0,1,1,71.0,0,0,49.5042,1,1,0,71.0,0,0.3483299278831318,0,0,0,1,0,0,0,0,1,0
494,0,3,1,21.0,0,0,8.05,1,1,0,63.0,0,-0.4863374216869257,0,1,0,1,0,0,0,0,0,1
495,0,3,1,28.0,0,0,14.4583,1,1,0,84.0,0,-0.3573083057891445,0,0,0,1,0,0,0,0,0,1
496,1,1,0,54.0,1,0,78.2667,2,0,0,54.0,0,0.9274538680872313,0,0,1,0,0,0,0,1,0,0
497,0,3,1,28.0,0,0,15.1,1,1,0,84.0,0,-0.3443878770215141,0,1,0,1,0,0,0,0,0,1
498,0,1,0,25.0,1,2,151.55,4,0,0,25.0,0,2.4029901895877646,0,1,0,0,1,0,0,0,0,1
499,0,3,1,24.0,0,0,7.7958,1,1,0,72.0,0,-0.49145565916975514,0,1,0,1,0,0,0,0,0,1
500,0,3,1,17.0,0,0,8.6625,1,1,0,51.0,0,-0.47400492578514347,0,1,0,1,0,0,0,0,0,1
501,0,3,0,21.0,0,0,7.75,1,1,0,63.0,0,-0.49237782784290063,1,0,1,0,0,0,0,0,0,1
502,0,3,0,28.0,0,0,7.6292,1,1,0,84.0,0,-0.4948100980550399,1,0,1,0,0,0,0,0,0,1
503,0,3,0,37.0,0,0,9.5875,1,1,0,111.0,0,-0.455380340137554,0,1,1,0,0,0,0,0,0,0
504,1,1,0,16.0,0,0,86.5,1,1,0,16.0,0,1.093228788100527,0,1,1,0,0,0,1,0,0,0
505,0,1,1,18.0,1,0,108.9,2,0,0,18.0,0,1.5442457810799908,0,0,0,1,0,0,0,0,0,1
506,1,2,0,33.0,0,2,26.0,3,0,0,66.0,0,-0.12491978668775715,0,1,0,0,1,0,0,0,0,0
507,1,1,1,28.0,0,0,26.55,1,1,0,28.0,0,-0.11384570873513637,0,1,0,1,0,0,0,0,0,1
508,0,3,1,28.0,0,0,22.525,1,1,0,84.0,0,-0.1948878246611338,0,1,0,1,0,0,0,0,0,1
509,1,3,1,26.0,0,0,56.4958,1,1,0,78.0,0,0.48910360681684706,0,1,0,1,0,0,0,0,0,1
510,1,3,1,29.0,0,0,7.75,1,1,0,87.0,0,-0.49237782784290063,1,0,0,1,0,0,0,0,0,1
511,0,3,1,28.0,0,0,8.05,1,1,0,84.0,0,-0.4863374216869257,0,1,0,1,0,0,0,0,0,1
512,1,1,1,36.0,0,0,26.2875,1,1,0,36.0,0,-0.11913106412161445,0,1,0,1,0,0,0,0,0,0
513,1,1,0,54.0,1,0,59.4,2,0,0,54.0,0,0.5475787653441219,0,0,0,0,1,0,0,1,0,0
514,0,3,1,24.0,0,0,7.4958,1,1,0,72.0,0,-0.4974960653257301,0,1,0,1,0,0,0,0,0,1
515,0,1,1,47.0,0,0,34.0208,1,1,0,47.0,0,0.036576512298389464,0,1,0,1,0,0,0,0,0,0
516,1,2,0,34.0,0,0,10.5,1,1,0,68.0,0,-0.43700743807979686,0,1,0,0,1,0,0,0,0,0
517,0,3,1,28.0,0,0,24.15,1,1,0,84.0,0,-0.1621689579829361,1,0,0,1,0,0,0,0,0,1
518,1,2,0,36.0,1,0,26.0,2,0,0,72.0,0,-0.12491978668775715,0,1,0,0,1,0,0,0,0,0
519,0,3,1,32.0,0,0,7.8958,1,1,0,96.0,0,-0.4894421904510968,0,1,0,1,0,0,0,0,0,1
520,1,1,0,30.0,0,0,93.5,1,1,0,30.0,0,1.2341715984066093,0,1,1,0,0,0,0,0,0,1
521,0,3,1,22.0,0,0,7.8958,1,1,0,66.0,0,-0.4894421904510968,0,1,0,1,0,0,0,0,0,1
522,0,3,1,28.0,0,0,7.225,1,1,0,84.0,0,-0.5029485386158568,0,0,0,1,0,0,0,0,0,1
523,1,1,0,44.0,0,1,57.9792,2,0,0,44.0,0,0.5189714017894245,0,0,0,0,1,0,0,0,0,0
524,0,3,1,28.0,0,0,7.2292,1,1,0,84.0,0,-0.5028639729296732,0,0,0,1,0,0,0,0,0,1
525,0,3,1,40.5,0,0,7.75,1,1,0,121.5,0,-0.49237782784290063,1,0,0,1,0,0,0,0,0,0
526,1,2,0,50.0,0,0,10.5,1,1,0,100.0,0,-0.43700743807979686,0,1,1,0,0,0,0,1,0,0
527,0,1,1,28.0,0,0,221.7792,1,1,0,28.0,0,3.817033162951754,0,1,0,1,0,0,0,0,0,1
528,0,3,1,39.0,0,0,7.925,1,1,0,117.0,0,-0.4888542575852486,0,1,0,1,0,0,0,0,0,0
529,0,2,1,23.0,2,1,11.5,4,0,0,46.0,1,-0.41687275089321363,0,1,0,1,0,0,0,0,0,1
530,1,2,0,2.0,1,1,26.0,3,0,0,4.0,0,-0.12491978668775715,0,1,1,0,0,0,1,0,0,0
531,0,3,1,28.0,0,0,7.2292,1,1,0,84.0,0,-0.5028639729296732,0,0,0,1,0,0,0,0,0,1
532,0,3,1,17.0,1,1,7.2292,3,0,0,51.0,0,-0.5028639729296732,0,0,0,1,0,0,0,0,0,1
533,1,3,0,28.0,0,2,22.3583,3,0,0,84.0,0,-0.19824427701513722,0,0,0,0,1,0,0,0,0,1
534,0,3,0,30.0,0,0,8.6625,1,1,0,90.0,0,-0.47400492578514347,0,1,1,0,0,0,0,0,0,1
535,1,2,0,7.0,0,2,26.25,3,0,0,14.0,0,-0.11988611489111134,0,1,1,0,0,0,1,0,0,0
536,0,1,1,45.0,0,0,26.55,1,1,0,45.0,0,-0.11384570873513637,0,1,0,0,0,1,0,0,0,0
537,1,1,0,30.0,0,0,106.425,1,1,0,30.0,0,1.4944124302931971,0,0,1,0,0,0,0,0,0,1
538,0,3,1,28.0,0,0,14.5,1,1,0,84.0,0,-0.35646868933346404,0,1,0,1,0,0,0,0,0,1
539,1,1,0,22.0,0,2,49.5,3,0,0,22.0,0,0.3482453621969482,0,0,1,0,0,0,0,0,0,1
540,1,1,0,36.0,0,2,71.0,3,0,0,36.0,0,0.7811411367084872,0,1,1,0,0,0,0,0,0,0
541,0,3,0,9.0,4,2,31.275,7,0,1,27.0,0,-0.01870931177853076,0,1,1,0,0,0,1,0,0,0
542,0,3,0,11.0,4,2,31.275,7,0,1,33.0,0,-0.01870931177853076,0,1,1,0,0,0,1,0,0,0
543,1,2,1,32.0,1,0,26.0,2,0,0,64.0,0,-0.12491978668775715,0,1,0,1,0,0,0,0,0,1
544,0,1,1,50.0,1,0,106.425,2,0,0,50.0,0,1.4944124302931971,0,0,0,1,0,0,0,1,0,0
545,0,1,1,64.0,0,0,26.0,1,1,0,64.0,0,-0.12491978668775715,0,1,0,1,0,0,0,1,0,0
546,1,2,0,19.0,1,0,26.0,2,0,0,38.0,0,-0.12491978668775715,0,1,0,0,1,0,0,0,0,1
547,1,2,1,28.0,0,0,13.8625,1,1,0,56.0,0,-0.3693045524149108,0,0,0,1,0,0,0,0,0,1
548,0,3,1,33.0,1,1,20.525,3,0,0,99.0,1,-0.2351571990343002,0,1,0,1,0,0,0,0,0,0
549,1,2,1,8.0,1,1,36.75,3,0,0,16.0,0,0.09152810056801232,0,1,0,0,0,0,1,0,0,0
550,1,1,1,17.0,0,2,110.8833,3,0,0,17.0,0,1.5841789061771412,0,0,0,1,0,0,0,0,0,1
551,0,2,1,27.0,0,0,26.0,1,1,0,54.0,0,-0.12491978668775715,0,1,0,1,0,0,0,0,0,1
552,0,3,1,28.0,0,0,7.8292,1,1,0,84.0,0,-0.49078316061772326,1,0,0,1,0,0,0,0,0,1
553,1,3,1,22.0,0,0,7.225,1,1,0,66.0,0,-0.5029485386158568,0,0,0,1,0,0,0,0,0,1
554,1,3,0,22.0,0,0,7.775,1,1,0,66.0,0,-0.4918744606632361,0,1,1,0,0,0,0,0,0,1
555,0,1,1,62.0,0,0,26.55,1,1,0,62.0,0,-0.11384570873513637,0,1,0,1,0,0,0,1,0,0
556,1,1,0,48.0,1,0,39.6,2,0,0,48.0,0,0.1489119590497745,0,0,0,0,0,1,0,0,0,0
557,0,1,1,28.0,0,0,227.525,1,1,0,28.0,0,3.9327230485884233,0,0,0,1,0,0,0,0,0,1
558,1,1,0,39.0,1,1,79.65,3,0,0,39.0,0,0.955306180872432,0,1,0,0,1,0,0,0,0,0
559,1,3,0,36.0,1,0,17.4,2,0,0,108.0,0,-0.29807809649237277,0,1,0,0,1,0,0,0,0,0
560,0,3,1,28.0,0,0,7.75,1,1,0,84.0,0,-0.49237782784290063,1,0,0,1,0,0,0,0,0,1
561,0,3,1,40.0,0,0,7.8958,1,1,0,120.0,0,-0.4894421904510968,0,1,0,1,0,0,0,0,0,0
562,0,2,1,28.0,0,0,13.5,1,1,0,56.0,0,-0.3766033765200472,0,1,0,1,0,0,0,0,0,1
563,0,3,1,28.0,0,0,8.05,1,1,0,84.0,0,-0.4863374216869257,0,1,0,1,0,0,0,0,0,1
564,0,3,0,28.0,0,0,8.05,1,1,0,84.0,0,-0.4863374216869257,0,1,1,0,0,0,0,0,0,1
565,0,3,1,24.0,2,0,24.15,3,0,0,72.0,0,-0.1621689579829361,0,1,0,1,0,0,0,0,0,1
566,0,3,1,19.0,0,0,7.8958,1,1,0,57.0,0,-0.4894421904510968,0,1,0,1,0,0,0,0,0,1
567,0,3,0,29.0,0,4,21.075,5,0,1,87.0,0,-0.22408312108167944,0,1,0,0,1,0,0,0,0,1
568,0,3,1,28.0,0,0,7.2292,1,1,0,84.0,0,-0.5028639729296732,0,0,0,1,0,0,0,0,0,1
569,1,3,1,32.0,0,0,7.8542,1,1,0,96.0,0,-0.4902797934380587,0,1,0,1,0,0,0,0,0,1
570,1,2,1,62.0,0,0,10.5,1,1,0,124.0,0,-0.43700743807979686,0,1,0,1,0,0,0,1,0,0
571,1,1,0,53.0,2,0,51.4792,3,0,0,53.0,0,0.38809593507663365,0,1,0,0,1,0,0,1,0,0
572,1,1,1,36.0,0,0,26.3875,1,1,0,36.0,0,-0.11711759540295616,0,1,0,1,0,0,0,0,0,0
573,1,3,0,28.0,0,0,7.75,1,1,0,84.0,0,-0.49237782784290063,1,0,1,0,0,0,0,0,0,1
574,0,3,1,16.0,0,0,8.05,1,1,0,48.0,0,-0.4863374216869257,0,1,0,1,0,0,1,0,0,0
575,0,3,1,19.0,0,0,14.5,1,1,0,57.0,0,-0.35646868933346404,0,1,0,1,0,0,0,0,0,1
576,1,2,0,34.0,0,0,13.0,1,1,0,68.0,0,-0.3866707201133388,0,1,1,0,0,0,0,0,0,0
577,1,1,0,39.0,1,0,55.9,2,0,0,39.0,0,0.4771073601910807,0,1,0,0,1,0,0,0,0,0
578,0,3,0,28.0,1,0,14.4583,2,0,0,84.0,0,-0.3573083057891445,0,0,0,0,1,0,0,0,0,1
579,1,3,1,32.0,0,0,7.925,1,1,0,96.0,0,-0.4888542575852486,0,1,0,1,0,0,0,0,0,1
580,1,2,0,25.0,1,1,30.0,3,0,0,50.0,0,-0.04438103794142432,0,1,1,0,0,0,0,0,0,1
581,1,1,0,39.0,1,1,110.8833,3,0,0,39.0,0,1.5841789061771412,0,0,0,0,1,0,0,0,0,0
582,0,2,1,54.0,0,0,26.0,1,1,0,108.0,0,-0.12491978668775715,0,1,0,1,0,0,0,1,0,0
583,0,1,1,36.0,0,0,40.125,1,1,0,36.0,0,0.15948266982273065,0,0,0,1,0,0,0,0,0,0
584,0,3,1,28.0,0,0,8.7125,1,1,0,84.0,0,-0.47299819142581434,0,0,0,1,0,0,0,0,0,1
585,1,1,0,18.0,0,2,79.65,3,0,0,18.0,0,0.955306180872432,0,1,1,0,0,0,0,0,0,1
586,0,2,1,47.0,0,0,15.0,1,1,0,94.0,0,-0.3464013457401724,0,1,0,1,0,0,0,0,0,0
587,1,1,1,60.0,1,1,79.2,3,0,0,60.0,1,0.9462455716384695,0,0,0,1,0,0,0,1,0,0
588,0,3,1,22.0,0,0,8.05,1,1,0,66.0,0,-0.4863374216869257,0,1,0,1,0,0,0,0,0,1
589,0,3,1,28.0,0,0,8.05,1,1,0,84.0,0,-0.4863374216869257,0,1,0,1,0,0,0,0,0,1
590,0,3,1,35.0,0,0,7.125,1,1,0,105.0,0,-0.5049620073345151,0,1,0,1,0,0,0,0,0,0
591,1,1,0,52.0,1,0,78.2667,2,0,0,52.0,0,0.9274538680872313,0,0,0,0,1,0,0,1,0,0
592,0,3,1,47.0,0,0,7.25,1,1,0,141.0,0,-0.5024451714361923,0,1,0,1,0,0,0,0,0,0
593,0,3,0,28.0,0,2,7.75,3,0,0,84.0,0,-0.49237782784290063,1,0,1,0,0,0,0,0,0,1
594,0,2,1,37.0,1,0,26.0,2,0,0,74.0,0,-0.12491978668775715,0,1,0,1,0,0,0,0,0,0
595,0,3,1,36.0,1,1,24.15,3,0,0,108.0,1,-0.1621689579829361,0,1,0,1,0,0,0,0,0,0
596,1,2,0,28.0,0,0,33.0,1,1,0,56.0,0,0.016023023618325298,0,1,1,0,0,0,0,0,0,1
597,0,3,1,49.0,0,0,0.0,1,1,0,147.0,0,-0.6484216535389205,0,1,0,1,0,0,0,1,0,0
598,0,3,1,28.0,0,0,7.225,1,1,0,84.0,0,-0.5029485386158568,0,0,0,1,0,0,0,0,0,1
599,1,1,1,49.0,1,0,56.9292,2,0,0,49.0,0,0.49782998024351216,0,0,0,0,0,1,0,1,0,0
600,1,2,0,24.0,2,1,27.0,4,0,0,48.0,0,-0.10478509950117394,0,1,0,0,1,0,0,0,0,1
601,0,3,1,28.0,0,0,7.8958,1,1,0,84.0,0,-0.4894421904510968,0,1,0,1,0,0,0,0,0,1
602,0,1,1,28.0,0,0,42.4,1,1,0,28.0,0,0.2052890831722074,0,1,0,1,0,0,0,0,0,1
603,0,3,1,44.0,0,0,8.05,1,1,0,132.0,0,-0.4863374216869257,0,1,0,1,0,0,0,0,0,0
604,1,1,1,35.0,0,0,26.55,1,1,0,35.0,0,-0.11384570873513637,0,0,0,1,0,0,0,0,0,0
605,0,3,1,36.0,1,0,15.55,2,0,0,108.0,0,-0.3353272677875516,0,1,0,1,0,0,0,0,0,0
606,0,3,1,30.0,0,0,7.8958,1,1,0,90.0,0,-0.4894421904510968,0,1,0,1,0,0,0,0,0,1
607,1,1,1,27.0,0,0,30.5,1,1,0,27.0,0,-0.034313694348132716,0,1,0,1,0,0,0,0,0,1
608,1,2,0,22.0,1,2,41.5792,4,0,0,44.0,0,0.18876253192945994,0,0,0,0,1,0,0,0,0,1
609,1,1,0,40.0,0,0,153.4625,1,1,0,40.0,0,2.441497778832105,0,1,1,0,0,0,0,0,0,0
610,0,3,0,39.0,1,5,31.275,7,0,1,117.0,0,-0.01870931177853076,0,1,0,0,1,0,0,0,0,0
611,0,3,1,28.0,0,0,7.05,1,1,0,84.0,0,-0.5064721088735089,0,1,0,1,0,0,0,0,0,1
612,1,3,0,28.0,1,0,15.5,2,0,0,84.0,0,-0.3363340021468808,1,0,1,0,0,0,0,0,0,1
613,0,3,1,28.0,0,0,7.75,1,1,0,84.0,0,-0.49237782784290063,1,0,0,1,0,0,0,0,0,1
614,0,3,1,35.0,0,0,8.05,1,1,0,105.0,0,-0.4863374216869257,0,1,0,1,0,0,0,0,0,0
615,1,2,0,24.0,1,2,65.0,4,0,0,48.0,0,0.6603330135889879,0,1,1,0,0,0,0,0,0,1
616,0,3,1,34.0,1,1,14.4,3,0,0,102.0,1,-0.35848215805212236,0,1,0,1,0,0,0,0,0,0
617,0,3,0,26.0,1,0,16.1,2,0,0,78.0,0,-0.32425318983493084,0,1,0,0,1,0,0,0,0,1
618,1,2,0,4.0,2,1,39.0,4,0,0,8.0,0,0.13683114673782454,0,1,1,0,0,0,1,0,0,0
619,0,2,1,26.0,0,0,10.5,1,1,0,52.0,0,-0.43700743807979686,0,1,0,1,0,0,0,0,0,1
620,0,3,1,27.0,1,0,14.4542,2,0,0,81.0,0,-0.3573908580066095,0,0,0,1,0,0,0,0,0,1
621,1,1,1,42.0,1,0,52.5542,2,0,0,42.0,0,0.40974072380221066,0,1,0,1,0,0,0,0,0,0
622,1,3,1,20.0,1,1,15.7417,3,0,0,60.0,1,-0.33146744825388363,0,0,0,1,0,0,0,0,0,1
623,0,3,1,21.0,0,0,7.8542,1,1,0,63.0,0,-0.4902797934380587,0,1,0,1,0,0,0,0,0,1
624,0,3,1,21.0,0,0,16.1,1,1,0,63.0,0,-0.32425318983493084,0,1,0,1,0,0,0,0,0,1
625,0,1,1,61.0,0,0,32.3208,1,1,0,61.0,0,0.002347544081197954,0,1,0,1,0,0,0,1,0,0
626,0,2,1,57.0,0,0,12.35,1,1,0,114.0,0,-0.3997582667846179,1,0,0,0,0,1,0,1,0,0
627,1,1,0,21.0,0,0,77.9583,1,1,0,21.0,0,0.921244330558889,0,1,1,0,0,0,0,0,0,1
628,0,3,1,26.0,0,0,7.8958,1,1,0,78.0,0,-0.4894421904510968,0,1,0,1,0,0,0,0,0,1
629,0,3,1,28.0,0,0,7.7333,1,1,0,84.0,0,-0.49271407711891657,1,0,0,1,0,0,0,0,0,1
630,1,1,1,80.0,0,0,30.0,1,1,0,80.0,0,-0.04438103794142432,0,1,0,1,0,0,0,0,1,0
631,0,3,1,51.0,0,0,7.0542,1,1,0,153.0,0,-0.5063875431873253,0,1,0,1,0,0,0,1,0,0
632,1,1,1,32.0,0,0,30.5,1,1,0,32.0,0,-0.034313694348132716,0,0,0,0,0,1,0,0,0,1
633,0,1,1,28.0,0,0,0.0,1,1,0,28.0,0,-0.6484216535389205,0,1,0,1,0,0,0,0,0,1
634,0,3,0,9.0,3,2,27.9,6,0,1,27.0,0,-0.08666388103324908,0,1,1,0,0,0,1,0,0,0
635,1,2,0,28.0,0,0,13.0,1,1,0,56.0,0,-0.3866707201133388,0,1,1,0,0,0,0,0,0,1
636,0,3,1,32.0,0,0,7.925,1,1,0,96.0,0,-0.4888542575852486,0,1,0,1,0,0,0,0,0,1
637,0,2,1,31.0,1,1,26.25,3,0,0,62.0,1,-0.11988611489111134,0,1,0,1,0,0,0,0,0,1
638,0,3,0,41.0,0,5,39.6875,6,0,1,123.0,0,0.1506737441786005,0,1,0,0,1,0,0,0,0,0
639,0,3,1,28.0,1,0,16.1,2,0,0,84.0,0,-0.32425318983493084,0,1,0,1,0,0,0,0,0,1
640,0,3,1,20.0,0,0,7.8542,1,1,0,60.0,0,-0.4902797934380587,0,1,0,1,0,0,0,0,0,1
641,1,1,0,24.0,0,0,69.3,1,1,0,24.0,0,0.7469121684912956,0,0,0,0,0,1,0,0,0,1
642,0,3,0,2.0,3,2,27.9,6,0,1,6.0,0,-0.08666388103324908,0,1,1,0,0,0,1,0,0,0
643,1,3,1,28.0,0,0,56.4958,1,1,0,84.0,0,0.48910360681684706,0,1,0,1,0,0,0,0,0,1
644,1,3,0,0.75,2,1,19.2583,4,0,0,2.25,0,-0.26066180729354516,0,0,1,0,0,0,1,0,0,0
645,1,1,1,48.0,1,0,76.7292,2,0,0,48.0,0,0.8964967865378598,0,0,0,1,0,0,0,0,0,0
646,0,3,1,19.0,0,0,7.8958,1,1,0,57.0,0,-0.4894421904510968,0,1,0,1,0,0,0,0,0,1
647,1,1,1,56.0,0,0,35.5,1,1,0,56.0,0,0.06635974158478332,0,0,0,0,0,1,0,1,0,0
648,0,3,1,28.0,0,0,7.55,1,1,0,84.0,0,-0.49640476528021726,0,1,0,1,0,0,0,0,0,1
649,1,3,0,23.0,0,0,7.55,1,1,0,69.0,0,-0.49640476528021726,0,1,1,0,0,0,0,0,0,1
650,0,3,1,28.0,0,0,7.8958,1,1,0,84.0,0,-0.4894421904510968,0,1,0,1,0,0,0,0,0,1
651,1,2,0,18.0,0,1,23.0,2,0,0,36.0,0,-0.18532384824750675,0,1,1,0,0,0,0,0,0,1
652,0,3,1,21.0,0,0,8.4333,1,1,0,63.0,0,-0.47861979608830835,0,1,0,1,0,0,0,0,0,1
653,1,3,0,28.0,0,0,7.8292,1,1,0,84.0,0,-0.49078316061772326,1,0,1,0,0,0,0,0,0,1
654,0,3,0,18.0,0,0,6.75,1,1,0,54.0,0,-0.5125125150294839,1,0,1,0,0,0,0,0,0,1
655,0,2,1,24.0,2,0,73.5,3,0,0,48.0,0,0.8314778546749452,0,1,0,1,0,0,0,0,0,1
656,0,3,1,28.0,0,0,7.8958,1,1,0,84.0,0,-0.4894421904510968,0,1,0,1,0,0,0,0,0,1
657,0,3,0,32.0,1,1,15.5,3,0,0,96.0,0,-0.3363340021468808,1,0,0,0,1,0,0,0,0,1
658,0,2,1,23.0,0,0,13.0,1,1,0,46.0,0,-0.3866707201133388,0,1,0,1,0,0,0,0,0,1
659,0,1,1,58.0,0,2,113.275,3,0,0,58.0,1,1.6323350375212924,0,0,0,1,0,0,0,1,0,0
660,1,1,1,50.0,2,0,133.65,3,0,0,50.0,0,2.042579288947925,0,1,0,0,0,1,0,1,0,0
661,0,3,1,40.0,0,0,7.225,1,1,0,120.0,0,-0.5029485386158568,0,0,0,1,0,0,0,0,0,0
662,0,1,1,47.0,0,0,25.5875,1,1,0,47.0,0,-0.13322534515222276,0,1,0,1,0,0,0,0,0,0
663,0,3,1,36.0,0,0,7.4958,1,1,0,108.0,0,-0.4974960653257301,0,1,0,1,0,0,0,0,0,0
664,1,3,1,20.0,1,0,7.925,2,0,0,60.0,0,-0.4888542575852486,0,1,0,1,0,0,0,0,0,1
665,0,2,1,32.0,2,0,73.5,3,0,0,64.0,0,0.8314778546749452,0,1,0,1,0,0,0,0,0,1
666,0,2,1,25.0,0,0,13.0,1,1,0,50.0,0,-0.3866707201133388,0,1,0,1,0,0,0,0,0,1
667,0,3,1,28.0,0,0,7.775,1,1,0,84.0,0,-0.4918744606632361,0,1,0,1,0,0,0,0,0,1
668,0,3,1,43.0,0,0,8.05,1,1,0,129.0,0,-0.4863374216869257,0,1,0,1,0,0,0,0,0,0
669,1,1,0,28.0,1,0,52.0,2,0,0,28.0,0,0.39858208016340624,0,1,0,0,1,0,0,0,0,1
670,1,2,0,40.0,1,1,39.0,3,0,0,80.0,0,0.13683114673782454,0,1,0,0,1,0,0,0,0,0
671,0,1,1,31.0,1,0,52.0,2,0,0,31.0,0,0.39858208016340624,0,1,0,1,0,0,0,0,0,1
672,0,2,1,70.0,0,0,10.5,1,1,0,140.0,0,-0.43700743807979686,0,1,0,1,0,0,0,0,1,0
673,1,2,1,31.0,0,0,13.0,1,1,0,62.0,0,-0.3866707201133388,0,1,0,1,0,0,0,0,0,1
674,0,2,1,28.0,0,0,0.0,1,1,0,56.0,0,-0.6484216535389205,0,1,0,1,0,0,0,0,0,1
675,0,3,1,18.0,0,0,7.775,1,1,0,54.0,0,-0.4918744606632361,0,1,0,1,0,0,0,0,0,1
676,0,3,1,24.5,0,0,8.05,1,1,0,73.5,0,-0.4863374216869257,0,1,0,1,0,0,0,0,0,1
677,1,3,0,18.0,0,0,9.8417,1,1,0,54.0,0,-0.45026210265472455,0,1,1,0,0,0,0,0,0,1
678,0,3,0,43.0,1,6,46.9,8,0,1,129.0,0,0.2958951755118318,0,1,0,0,1,0,0,0,0,0
679,1,1,1,36.0,0,1,512.3292,2,0,0,36.0,1,9.667166525013505,0,0,0,1,0,0,0,0,0,0
680,0,3,0,28.0,0,0,8.1375,1,1,0,84.0,0,-0.48457563655809965,1,0,1,0,0,0,0,0,0,1
681,1,1,1,27.0,0,0,76.7292,1,1,0,27.0,0,0.8964967865378598,0,0,0,1,0,0,0,0,0,1
682,0,3,1,20.0,0,0,9.225,1,1,0,60.0,0,-0.4626791642426904,0,1,0,1,0,0,0,0,0,1
683,0,3,1,14.0,5,2,46.9,8,0,1,42.0,0,0.2958951755118318,0,1,0,1,0,0,1,0,0,0
684,0,2,1,60.0,1,1,39.0,3,0,0,120.0,1,0.13683114673782454,0,1,0,1,0,0,0,1,0,0
685,0,2,1,25.0,1,2,41.5792,4,0,0,50.0,1,0.18876253192945994,0,0,0,1,0,0,0,0,0,1
686,0,3,1,14.0,4,1,39.6875,6,0,1,42.0,0,0.1506737441786005,0,1,0,1,0,0,1,0,0,0
687,0,3,1,19.0,0,0,10.1708,1,1,0,57.0,0,-0.44363577710162005,0,1,0,1,0,0,0,0,0,1
688,0,3,1,18.0,0,0,7.7958,1,1,0,54.0,0,-0.49145565916975514,0,1,0,1,0,0,0,0,0,1
689,1,1,0,15.0,0,1,211.3375,2,0,0,15.0,0,3.6067927997556075,0,1,1,0,0,0,1,0,0,0
690,1,1,1,31.0,1,0,57.0,2,0,0,31.0,0,0.49925551609632224,0,1,0,1,0,0,0,0,0,1
691,1,3,0,4.0,0,1,13.4167,2,0,0,12.0,0,-0.37828059596268965,0,0,1,0,0,0,1,0,0,0
692,1,3,1,28.0,0,0,56.4958,1,1,0,84.0,0,0.48910360681684706,0,1,0,1,0,0,0,0,0,1
693,0,3,1,25.0,0,0,7.225,1,1,0,75.0,0,-0.5029485386158568,0,0,0,1,0,0,0,0,0,1
694,0,1,1,60.0,0,0,26.55,1,1,0,60.0,0,-0.11384570873513637,0,1,0,0,0,1,0,1,0,0
695,0,2,1,52.0,0,0,13.5,1,1,0,104.0,0,-0.3766033765200472,0,1,0,1,0,0,0,1,0,0
696,0,3,1,44.0,0,0,8.05,1,1,0,132.0,0,-0.4863374216869257,0,1,0,1,0,0,0,0,0,0
697,1,3,0,28.0,0,0,7.7333,1,1,0,84.0,0,-0.49271407711891657,1,0,1,0,0,0,0,0,0,1
698,0,1,1,49.0,1,1,110.8833,3,0,0,49.0,1,1.5841789061771412,0,0,0,1,0,0,0,1,0,0
699,0,3,1,42.0,0,0,7.65,1,1,0,126.0,0,-0.494391296561559,0,1,0,1,0,0,0,0,0,0
700,1,1,0,18.0,1,0,227.525,2,0,0,18.0,0,3.9327230485884233,0,0,0,0,1,0,0,0,0,1
701,1,1,1,35.0,0,0,26.2875,1,1,0,35.0,0,-0.11913106412161445,0,1,0,1,0,0,0,0,0,0
702,0,3,0,18.0,0,1,14.4542,2,0,0,54.0,0,-0.3573908580066095,0,0,1,0,0,0,0,0,0,1
703,0,3,1,25.0,0,0,7.7417,1,1,0,75.0,0,-0.4925449457465493,1,0,0,1,0,0,0,0,0,1
704,0,3,1,26.0,1,0,7.8542,2,0,0,78.0,0,-0.4902797934380587,0,1,0,1,0,0,0,0,0,1
705,0,2,1,39.0,0,0,26.0,1,1,0,78.0,0,-0.12491978668775715,0,1,0,1,0,0,0,0,0,0
706,1,2,0,45.0,0,0,13.5,1,1,0,90.0,0,-0.3766033765200472,0,1,0,0,1,0,0,0,0,0
707,1,1,1,42.0,0,0,26.2875,1,1,0,42.0,0,-0.11913106412161445,0,1,0,1,0,0,0,0,0,0
708,1,1,0,22.0,0,0,151.55,1,1,0,22.0,0,2.4029901895877646,0,1,1,0,0,0,0,0,0,1
709,1,3,1,28.0,1,1,15.2458,3,0,0,84.0,1,-0.3414522396297103,0,0,0,0,0,0,0,0,0,1
710,1,1,0,24.0,0,0,49.5042,1,1,0,24.0,0,0.3483299278831318,0,0,0,0,0,1,0,0,0,1
711,0,1,1,28.0,0,0,26.55,1,1,0,28.0,0,-0.11384570873513637,0,1,0,1,0,0,0,0,0,1
712,1,1,1,48.0,1,0,52.0,2,0,0,48.0,0,0.39858208016340624,0,1,0,1,0,0,0,0,0,0
713,0,3,1,29.0,0,0,9.4833,1,1,0,87.0,0,-0.457478374542396,0,1,0,1,0,0,0,0,0,1
714,0,2,1,52.0,0,0,13.0,1,1,0,104.0,0,-0.3866707201133388,0,1,0,1,0,0,0,1,0,0
715,0,3,1,19.0,0,0,7.65,1,1,0,57.0,0,-0.494391296561559,0,1,0,1,0,0,0,0,0,1
716,1,1,0,38.0,0,0,227.525,1,1,0,38.0,0,3.9327230485884233,0,0,1,0,0,0,0,0,0,0
717,1,2,0,27.0,0,0,10.5,1,1,0,54.0,0,-0.43700743807979686,0,1,1,0,0,0,0,0,0,1
718,0,3,1,28.0,0,0,15.5,1,1,0,84.0,0,-0.3363340021468808,1,0,0,1,0,0,0,0,0,1
719,0,3,1,33.0,0,0,7.775,1,1,0,99.0,0,-0.4918744606632361,0,1,0,1,0,0,0,0,0,0
720,1,2,0,6.0,0,1,33.0,2,0,0,12.0,0,0.016023023618325298,0,1,1,0,0,0,1,0,0,0
721,0,3,1,17.0,1,0,7.0542,2,0,0,51.0,0,-0.5063875431873253,0,1,0,1,0,0,0,0,0,1
722,0,2,1,34.0,0,0,13.0,1,1,0,68.0,0,-0.3866707201133388,0,1,0,1,0,0,0,0,0,0
723,0,2,1,50.0,0,0,13.0,1,1,0,100.0,0,-0.3866707201133388,0,1,0,1,0,0,0,1,0,0
724,1,1,1,27.0,1,0,53.1,2,0,0,27.0,0,0.4207302360686478,0,1,0,1,0,0,0,0,0,1
725,0,3,1,20.0,0,0,8.6625,1,1,0,60.0,0,-0.47400492578514347,0,1,0,1,0,0,0,0,0,1
726,1,2,0,30.0,3,0,21.0,4,0,0,60.0,0,-0.22559322262067316,0,1,0,0,1,0,0,0,0,1
727,1,3,0,28.0,0,0,7.7375,1,1,0,84.0,0,-0.4926295114327329,1,0,1,0,0,0,0,0,0,1
728,0,2,1,25.0,1,0,26.0,2,0,0,50.0,0,-0.12491978668775715,0,1,0,1,0,0,0,0,0,1
729,0,3,0,25.0,1,0,7.925,2,0,0,75.0,0,-0.4888542575852486,0,1,1,0,0,0,0,0,0,1
730,1,1,0,29.0,0,0,211.3375,1,1,0,29.0,0,3.6067927997556075,0,1,1,0,0,0,0,0,0,1
731,0,3,1,11.0,0,0,18.7875,1,1,0,33.0,0,-0.2701412180209885,0,0,0,1,0,0,1,0,0,0
732,0,2,1,28.0,0,0,0.0,1,1,0,56.0,0,-0.6484216535389205,0,1,0,1,0,0,0,0,0,1
733,0,2,1,23.0,0,0,13.0,1,1,0,46.0,0,-0.3866707201133388,0,1,0,1,0,0,0,0,0,1
734,0,2,1,23.0,0,0,13.0,1,1,0,46.0,0,-0.3866707201133388,0,1,0,1,0,0,0,0,0,1
735,0,3,1,28.5,0,0,16.1,1,1,0,85.5,0,-0.32425318983493084,0,1,0,1,0,0,0,0,0,1
736,0,3,0,48.0,1,3,34.375,5,0,1,144.0,0,0.04370821849987721,0,1,0,0,1,0,0,0,0,0
737,1,1,1,35.0,0,0,512.3292,1,1,0,35.0,0,9.667166525013505,0,0,0,1,0,0,0,0,0,0
738,0,3,1,28.0,0,0,7.8958,1,1,0,84.0,0,-0.4894421904510968,0,1,0,1,0,0,0,0,0,1
739,0,3,1,28.0,0,0,7.8958,1,1,0,84.0,0,-0.4894421904510968,0,1,0,1,0,0,0,0,0,1
740,1,1,1,28.0,0,0,30.0,1,1,0,28.0,0,-0.04438103794142432,0,1,0,1,0,0,0,0,0,1
741,0,1,1,36.0,1,0,78.85,2,0,0,36.0,0,0.9391984311231651,0,1,0,1,0,0,0,0,0,0
742,1,1,0,21.0,2,2,262.375,5,0,1,21.0,0,4.634416897040849,0,0,1,0,0,0,0,0,0,1
743,0,3,1,24.0,1,0,16.1,2,0,0,72.0,0,-0.32425318983493084,0,1,0,1,0,0,0,0,0,1
744,1,3,1,31.0,0,0,7.925,1,1,0,93.0,0,-0.4888542575852486,0,1,0,1,0,0,0,0,0,1
745,0,1,1,70.0,1,1,71.0,3,0,0,70.0,1,0.7811411367084872,0,1,0,0,0,1,0,0,1,0
746,0,3,1,16.0,1,1,20.25,3,0,0,48.0,0,-0.24069423801061057,0,1,0,1,0,0,1,0,0,0
747,1,2,0,30.0,0,0,13.0,1,1,0,60.0,0,-0.3866707201133388,0,1,1,0,0,0,0,0,0,1
748,0,1,1,19.0,1,0,53.1,2,0,0,19.0,0,0.4207302360686478,0,1,0,1,0,0,0,0,0,1
749,0,3,1,31.0,0,0,7.75,1,1,0,93.0,0,-0.49237782784290063,1,0,0,1,0,0,0,0,0,1
750,1,2,0,4.0,1,1,23.0,3,0,0,8.0,0,-0.18532384824750675,0,1,1,0,0,0,1,0,0,0
751,1,3,1,6.0,0,1,12.475,2,0,0,18.0,0,-0.397241430886295,0,1,0,0,0,0,1,0,0,0
752,0,3,1,33.0,0,0,9.5,1,1,0,99.0,0,-0.45714212526638004,0,1,0,1,0,0,0,0,0,0
753,0,3,1,23.0,0,0,7.8958,1,1,0,69.0,0,-0.4894421904510968,0,1,0,1,0,0,0,0,0,1
754,1,2,0,48.0,1,2,65.0,4,0,0,96.0,0,0.6603330135889879,0,1,0,0,1,0,0,0,0,0
755,1,2,1,0.67,1,1,14.5,3,0,0,1.34,0,-0.35646868933346404,0,1,0,0,0,0,1,0,0,0
756,0,3,1,28.0,0,0,7.7958,1,1,0,84.0,0,-0.49145565916975514,0,1,0,1,0,0,0,0,0,1
757,0,2,1,18.0,0,0,11.5,1,1,0,36.0,0,-0.41687275089321363,0,1,0,1,0,0,0,0,0,1
758,0,3,1,34.0,0,0,8.05,1,1,0,102.0,0,-0.4863374216869257,0,1,0,1,0,0,0,0,0,0
759,1,1,0,33.0,0,0,86.5,1,1,0,33.0,0,1.093228788100527,0,1,0,0,0,1,0,0,0,0
760,0,3,1,28.0,0,0,14.5,1,1,0,84.0,0,-0.35646868933346404,0,1,0,1,0,0,0,0,0,1
761,0,3,1,41.0,0,0,7.125,1,1,0,123.0,0,-0.5049620073345151,0,1,0,1,0,0,0,0,0,0
762,1,3,1,20.0,0,0,7.2292,1,1,0,60.0,0,-0.5028639729296732,0,0,0,1,0,0,0,0,0,1
763,1,1,0,36.0,1,2,120.0,4,0,0,36.0,0,1.7677408088510642,0,1,0,0,1,0,0,0,0,0
764,0,3,1,16.0,0,0,7.775,1,1,0,48.0,0,-0.4918744606632361,0,1,0,1,0,0,1,0,0,0
765,1,1,0,51.0,1,0,77.9583,2,0,0,51.0,0,0.921244330558889,0,1,0,0,1,0,0,1,0,0
766,0,1,1,28.0,0,0,39.6,1,1,0,28.0,0,0.1489119590497745,0,0,0,0,0,1,0,0,0,1
767,0,3,0,30.5,0,0,7.75,1,1,0,91.5,0,-0.49237782784290063,1,0,1,0,0,0,0,0,0,1
768,0,3,1,28.0,1,0,24.15,2,0,0,84.0,0,-0.1621689579829361,1,0,0,1,0,0,0,0,0,1
769,0,3,1,32.0,0,0,8.3625,1,1,0,96.0,0,-0.4800453319411184,0,1,0,1,0,0,0,0,0,1
770,0,3,1,24.0,0,0,9.5,1,1,0,72.0,0,-0.45714212526638004,0,1,0,1,0,0,0,0,0,1
771,0,3,1,48.0,0,0,7.8542,1,1,0,144.0,0,-0.4902797934380587,0,1,0,1,0,0,0,0,0,0
772,0,2,0,57.0,0,0,10.5,1,1,0,114.0,0,-0.43700743807979686,0,1,0,0,1,0,0,1,0,0
773,0,3,1,28.0,0,0,7.225,1,1,0,84.0,0,-0.5029485386158568,0,0,0,1,0,0,0,0,0,1
774,1,2,0,54.0,1,3,23.0,5,0,1,108.0,0,-0.18532384824750675,0,1,0,0,1,0,0,1,0,0
775,0,3,1,18.0,0,0,7.75,1,1,0,54.0,0,-0.49237782784290063,0,1,0,1,0,0,0,0,0,1
776,0,3,1,28.0,0,0,7.75,1,1,0,84.0,0,-0.49237782784290063,1,0,0,1,0,0,0,0,0,1
777,1,3,0,5.0,0,0,12.475,1,1,0,15.0,0,-0.397241430886295,0,1,1,0,0,0,1,0,0,0
778,0,3,1,28.0,0,0,7.7375,1,1,0,84.0,0,-0.4926295114327329,1,0,0,1,0,0,0,0,0,1
779,1,1,0,43.0,0,1,211.3375,2,0,0,43.0,0,3.6067927997556075,0,1,0,0,1,0,0,0,0,0
780,1,3,0,13.0,0,0,7.2292,1,1,0,39.0,0,-0.5028639729296732,0,0,1,0,0,0,1,0,0,0
781,1,1,0,17.0,1,0,57.0,2,0,0,17.0,0,0.49925551609632224,0,1,0,0,1,0,0,0,0,1
782,0,1,1,29.0,0,0,30.0,1,1,0,29.0,0,-0.04438103794142432,0,1,0,1,0,0,0,0,0,1
783,0,3,1,28.0,1,2,23.45,4,0,0,84.0,1,-0.17626323901354432,0,1,0,1,0,0,0,0,0,1
784,0,3,1,25.0,0,0,7.05,1,1,0,75.0,0,-0.5064721088735089,0,1,0,1,0,0,0,0,0,1
785,0,3,1,25.0,0,0,7.25,1,1,0,75.0,0,-0.5024451714361923,0,1,0,1,0,0,0,0,0,1
786,1,3,0,18.0,0,0,7.4958,1,1,0,54.0,0,-0.4974960653257301,0,1,1,0,0,0,0,0,0,1
787,0,3,1,8.0,4,1,29.125,6,0,1,24.0,0,-0.06199888922968463,1,0,0,0,0,0,1,0,0,0
788,1,3,1,1.0,1,2,20.575,4,0,0,3.0,0,-0.23415046467497105,0,1,0,0,0,0,1,0,0,0
789,0,1,1,46.0,0,0,79.2,1,1,0,46.0,0,0.9462455716384695,0,0,0,1,0,0,0,0,0,0
790,0,3,1,28.0,0,0,7.75,1,1,0,84.0,0,-0.49237782784290063,1,0,0,1,0,0,0,0,0,1
791,0,2,1,16.0,0,0,26.0,1,1,0,32.0,0,-0.12491978668775715,0,1,0,1,0,0,1,0,0,0
792,0,3,0,28.0,8,2,69.55,11,0,1,84.0,0,0.7519458402879414,0,1,1,0,0,0,0,0,0,1
793,0,1,1,28.0,0,0,30.6958,1,1,0,28.0,0,-0.030371322596999754,0,0,0,1,0,0,0,0,0,1
794,0,3,1,25.0,0,0,7.8958,1,1,0,75.0,0,-0.4894421904510968,0,1,0,1,0,0,0,0,0,1
795,0,2,1,39.0,0,0,13.0,1,1,0,78.0,0,-0.3866707201133388,0,1,0,1,0,0,0,0,0,0
796,1,1,0,49.0,0,0,25.9292,1,1,0,49.0,0,-0.1263453225405672,0,1,0,0,0,1,0,1,0,0
797,1,3,0,31.0,0,0,8.6833,1,1,0,93.0,0,-0.4735861242916626,0,1,0,0,1,0,0,0,0,1
798,0,3,1,30.0,0,0,7.2292,1,1,0,90.0,0,-0.5028639729296732,0,0,0,1,0,0,0,0,0,1
799,0,3,0,30.0,1,1,24.15,3,0,0,90.0,0,-0.1621689579829361,0,1,0,0,1,0,0,0,0,1
800,0,2,1,34.0,0,0,13.0,1,1,0,68.0,0,-0.3866707201133388,0,1,0,1,0,0,0,0,0,0
801,1,2,0,31.0,1,1,26.25,3,0,0,62.0,0,-0.11988611489111134,0,1,0,0,1,0,0,0,0,1
802,1,1,1,11.0,1,2,120.0,4,0,0,11.0,0,1.7677408088510642,0,1,0,0,0,0,1,0,0,0
803,1,3,1,0.42,0,1,8.5167,2,0,0,1.26,0,-0.47694056317694733,0,0,0,0,0,0,1,0,0,0
804,1,3,1,27.0,0,0,6.975,1,1,0,81.0,0,-0.5079822104125026,0,1,0,1,0,0,0,0,0,1
805,0,3,1,31.0,0,0,7.775,1,1,0,93.0,0,-0.4918744606632361,0,1,0,1,0,0,0,0,0,1
806,0,1,1,39.0,0,0,0.0,1,1,0,39.0,0,-0.6484216535389205,0,1,0,1,0,0,0,0,0,0
807,0,3,0,18.0,0,0,7.775,1,1,0,54.0,0,-0.4918744606632361,0,1,1,0,0,0,0,0,0,1
808,0,2,1,39.0,0,0,13.0,1,1,0,78.0,0,-0.3866707201133388,0,1,0,1,0,0,0,0,0,0
809,1,1,0,33.0,1,0,53.1,2,0,0,33.0,0,0.4207302360686478,0,1,0,0,1,0,0,0,0,0
810,0,3,1,26.0,0,0,7.8875,1,1,0,78.0,0,-0.4896093083547455,0,1,0,1,0,0,0,0,0,1
811,0,3,1,39.0,0,0,24.15,1,1,0,117.0,0,-0.1621689579829361,0,1,0,1,0,0,0,0,0,0
812,0,2,1,35.0,0,0,10.5,1,1,0,70.0,0,-0.43700743807979686,0,1,0,1,0,0,0,0,0,0
813,0,3,0,6.0,4,2,31.275,7,0,1,18.0,0,-0.01870931177853076,0,1,1,0,0,0,1,0,0,0
814,0,3,1,30.5,0,0,8.05,1,1,0,91.5,0,-0.4863374216869257,0,1,0,1,0,0,0,0,0,1
815,0,1,1,28.0,0,0,0.0,1,1,0,28.0,0,-0.6484216535389205,0,1,0,1,0,0,0,0,0,1
816,0,3,0,23.0,0,0,7.925,1,1,0,69.0,0,-0.4888542575852486,0,1,1,0,0,0,0,0,0,1
817,0,2,1,31.0,1,1,37.0042,3,0,0,62.0,1,0.09664633805084172,0,0,0,1,0,0,0,0,0,1
818,0,3,1,43.0,0,0,6.45,1,1,0,129.0,0,-0.5185529211854588,0,1,0,1,0,0,0,0,0,0
819,0,3,1,10.0,3,2,27.9,6,0,1,30.0,0,-0.08666388103324908,0,1,0,0,0,0,1,0,0,0
820,1,1,0,52.0,1,1,93.5,3,0,0,52.0,0,1.2341715984066093,0,1,0,0,1,0,0,1,0,0
821,1,3,1,27.0,0,0,8.6625,1,1,0,81.0,0,-0.47400492578514347,0,1,0,1,0,0,0,0,0,1
822,0,1,1,38.0,0,0,0.0,1,1,0,38.0,0,-0.6484216535389205,0,1,0,0,0,1,0,0,0,0
823,1,3,0,27.0,0,1,12.475,2,0,0,81.0,0,-0.397241430886295,0,1,0,0,1,0,0,0,0,1
824,0,3,1,2.0,4,1,39.6875,6,0,1,6.0,0,0.1506737441786005,0,1,0,0,0,0,1,0,0,0
825,0,3,1,28.0,0,0,6.95,1,1,0,84.0,0,-0.5084855775921673,1,0,0,1,0,0,0,0,0,1
826,0,3,1,28.0,0,0,56.4958,1,1,0,84.0,0,0.48910360681684706,0,1,0,1,0,0,0,0,0,1
827,1,2,1,1.0,0,2,37.0042,3,0,0,2.0,0,0.09664633805084172,0,0,0,0,0,0,1,0,0,0
828,1,3,1,28.0,0,0,7.75,1,1,0,84.0,0,-0.49237782784290063,1,0,0,1,0,0,0,0,0,1
829,1,1,0,62.0,0,0,80.0,1,1,0,62.0,0,0.962353321387736,0,1,0,0,1,0,0,1,0,0
830,1,3,0,15.0,1,0,14.4542,2,0,0,45.0,0,-0.3573908580066095,0,0,0,0,1,0,1,0,0,0
831,1,2,1,0.83,1,1,18.75,3,0,0,1.66,0,-0.2708962687904854,0,1,0,0,0,0,1,0,0,0
832,0,3,1,28.0,0,0,7.2292,1,1,0,84.0,0,-0.5028639729296732,0,0,0,1,0,0,0,0,0,1
833,0,3,1,23.0,0,0,7.8542,1,1,0,69.0,0,-0.4902797934380587,0,1,0,1,0,0,0,0,0,1
834,0,3,1,18.0,0,0,8.3,1,1,0,54.0,0,-0.48130374989027985,0,1,0,1,0,0,0,0,0,1
835,1,1,0,39.0,1,1,83.1583,3,0,0,39.0,0,1.0259447039291216,0,0,1,0,0,0,0,0,0,0
836,0,3,1,21.0,0,0,8.6625,1,1,0,63.0,0,-0.47400492578514347,0,1,0,1,0,0,0,0,0,1
837,0,3,1,28.0,0,0,8.05,1,1,0,84.0,0,-0.4863374216869257,0,1,0,1,0,0,0,0,0,1
838,1,3,1,32.0,0,0,56.4958,1,1,0,96.0,0,0.48910360681684706,0,1,0,1,0,0,0,0,0,1
839,1,1,1,28.0,0,0,29.7,1,1,0,28.0,0,-0.05042144409739929,0,0,0,1,0,0,0,0,0,1
840,0,3,1,20.0,0,0,7.925,1,1,0,60.0,0,-0.4888542575852486,0,1,0,1,0,0,0,0,0,1
841,0,2,1,16.0,0,0,10.5,1,1,0,32.0,0,-0.43700743807979686,0,1,0,1,0,0,1,0,0,0
842,1,1,0,30.0,0,0,31.0,1,1,0,30.0,0,-0.024246350754841113,0,0,1,0,0,0,0,0,0,1
843,0,3,1,34.5,0,0,6.4375,1,1,0,103.5,0,-0.5188046047752911,0,0,0,1,0,0,0,0,0,0
844,0,3,1,17.0,0,0,8.6625,1,1,0,51.0,0,-0.47400492578514347,0,1,0,1,0,0,0,0,0,1
845,0,3,1,42.0,0,0,7.55,1,1,0,126.0,0,-0.49640476528021726,0,1,0,1,0,0,0,0,0,0
846,0,3,1,28.0,8,2,69.55,11,0,1,84.0,1,0.7519458402879414,0,1,0,1,0,0,0,0,0,1
847,0,3,1,35.0,0,0,7.8958,1,1,0,105.0,0,-0.4894421904510968,0,0,0,1,0,0,0,0,0,0
848,0,2,1,28.0,0,1,33.0,2,0,0,56.0,1,0.016023023618325298,0,1,0,0,0,1,0,0,0,1
849,1,1,0,28.0,1,0,89.1042,2,0,0,28.0,0,1.145663540471827,0,0,0,0,1,0,0,0,0,1
850,0,3,1,4.0,4,2,31.275,7,0,1,12.0,0,-0.01870931177853076,0,1,0,0,0,0,1,0,0,0
851,0,3,1,74.0,0,0,7.775,1,1,0,222.0,0,-0.4918744606632361,0,1,0,1,0,0,0,0,1,0
852,0,3,0,9.0,1,1,15.2458,3,0,0,27.0,0,-0.3414522396297103,0,0,1,0,0,0,1,0,0,0
853,1,1,0,16.0,0,1,39.4,2,0,0,16.0,0,0.14488502161245778,0,1,1,0,0,0,1,0,0,0
854,0,2,0,44.0,1,0,26.0,2,0,0,88.0,0,-0.12491978668775715,0,1,0,0,1,0,0,0,0,0
855,1,3,0,18.0,0,1,9.35,2,0,0,54.0,0,-0.4601623283443675,0,1,0,0,1,0,0,0,0,1
856,1,1,0,45.0,1,1,164.8667,3,0,0,45.0,0,2.671117778445337,0,1,0,0,1,0,0,0,0,0
857,1,1,1,51.0,0,0,26.55,1,1,0,51.0,0,-0.11384570873513637,0,1,0,1,0,0,0,1,0,0
858,1,3,0,24.0,0,3,19.2583,4,0,0,72.0,0,-0.26066180729354516,0,0,0,0,1,0,0,0,0,1
859,0,3,1,28.0,0,0,7.2292,1,1,0,84.0,0,-0.5028639729296732,0,0,0,1,0,0,0,0,0,1
860,0,3,1,41.0,2,0,14.1083,3,0,0,123.0,0,-0.36435544630444866,0,1,0,1,0,0,0,0,0,0
861,0,2,1,21.0,1,0,11.5,2,0,0,42.0,0,-0.41687275089321363,0,1,0,1,0,0,0,0,0,1
862,1,1,0,48.0,0,0,25.9292,1,1,0,48.0,0,-0.1263453225405672,0,1,0,0,1,0,0,0,0,0
863,0,3,0,28.0,8,2,69.55,11,0,1,84.0,0,0.7519458402879414,0,1,1,0,0,0,0,0,0,1
864,0,2,1,24.0,0,0,13.0,1,1,0,48.0,0,-0.3866707201133388,0,1,0,1,0,0,0,0,0,1
865,1,2,0,42.0,0,0,13.0,1,1,0,84.0,0,-0.3866707201133388,0,1,0,0,1,0,0,0,0,0
866,1,2,0,27.0,1,0,13.8583,2,0,0,54.0,0,-0.3693891181010945,0,0,1,0,0,0,0,0,0,1
867,0,1,1,31.0,0,0,50.4958,1,1,0,31.0,0,0.3682954836973478,0,1,0,1,0,0,0,0,0,1
868,0,3,1,28.0,0,0,9.5,1,1,0,84.0,0,-0.45714212526638004,0,1,0,1,0,0,0,0,0,1
869,1,3,1,4.0,1,1,11.1333,3,0,0,12.0,0,-0.4242561406845337,0,1,0,0,0,0,1,0,0,0
870,0,3,1,26.0,0,0,7.8958,1,1,0,78.0,0,-0.4894421904510968,0,1,0,1,0,0,0,0,0,1
871,1,1,0,47.0,1,1,52.5542,3,0,0,47.0,0,0.40974072380221066,0,1,0,0,1,0,0,0,0,0
872,0,1,1,33.0,0,0,5.0,1,1,0,33.0,0,-0.5477482176060045,0,1,0,1,0,0,0,0,0,0
873,0,3,1,47.0,0,0,9.0,1,1,0,141.0,0,-0.46720946885967163,0,1,0,1,0,0,0,0,0,0
874,1,2,0,28.0,1,0,24.0,2,0,0,56.0,0,-0.16518916106092355,0,0,0,0,1,0,0,0,0,1
875,1,3,0,15.0,0,0,7.225,1,1,0,45.0,0,-0.5029485386158568,0,0,1,0,0,0,1,0,0,0
876,0,3,1,20.0,0,0,9.8458,1,1,0,60.0,0,-0.45017955043725955,0,1,0,1,0,0,0,0,0,1
877,0,3,1,19.0,0,0,7.8958,1,1,0,57.0,0,-0.4894421904510968,0,1,0,1,0,0,0,0,0,1
878,0,3,1,28.0,0,0,7.8958,1,1,0,84.0,0,-0.4894421904510968,0,1,0,1,0,0,0,0,0,1
879,1,1,0,56.0,0,1,83.1583,2,0,0,56.0,0,1.0259447039291216,0,0,0,0,1,0,0,1,0,0
880,1,2,0,25.0,0,1,26.0,2,0,0,50.0,0,-0.12491978668775715,0,1,0,0,1,0,0,0,0,1
881,0,3,1,33.0,0,0,7.8958,1,1,0,99.0,0,-0.4894421904510968,0,1,0,1,0,0,0,0,0,0
882,0,3,0,22.0,0,0,10.5167,1,1,0,66.0,0,-0.4366711888037809,0,1,1,0,0,0,0,0,0,1
883,0,2,1,28.0,0,0,10.5,1,1,0,56.0,0,-0.43700743807979686,0,1,0,1,0,0,0,0,0,1
884,0,3,1,25.0,0,0,7.05,1,1,0,75.0,0,-0.5064721088735089,0,1,0,1,0,0,0,0,0,1
885,0,3,0,39.0,0,5,29.125,6,0,1,117.0,0,-0.06199888922968463,1,0,0,0,1,0,0,0,0,0
886,0,2,1,27.0,0,0,13.0,1,1,0,54.0,0,-0.3866707201133388,0,1,0,0,0,1,0,0,0,1
887,1,1,0,19.0,0,0,30.0,1,1,0,19.0,0,-0.04438103794142432,0,1,1,0,0,0,0,0,0,1
888,0,3,0,28.0,1,2,23.45,4,0,0,84.0,0,-0.17626323901354432,0,1,1,0,0,0,0,0,0,1
889,1,1,1,26.0,0,0,30.0,1,1,0,26.0,0,-0.04438103794142432,0,0,0,1,0,0,0,0,0,1
890,0,3,1,32.0,0,0,7.75,1,1,0,96.0,0,-0.49237782784290063,1,0,0,1,0,0,0,0,0,1
